artigo,frente,verso
Art. 1,Sobre o que dispõe o Art. 1 da CF/88?,"o A República Federativa do Brasil, formada pela união indissolúvel dos Estados 
e Municípios e do Distrito Federal, constitui-se em Estado Democrático de Direito e 
tem como fundamentos:
I – a soberania;
II – a cidadania;
III – a dignidade da pessoa humana;
IV – os valores sociais do trabalho e da livre iniciativa;
V – o pluralismo político"
Art. 1,"Complete a ideia do Art. 1: o A República Federativa do Brasil, formada pela u...","o A República Federativa do Brasil, formada pela união indissolúvel dos Estados 
e Municípios e do Distrito Federal, constitui-se em Estado Democrático de Direito e 
tem como fundamentos:
I – a sobera..."
Art. 2,Sobre o que dispõe o Art. 2 da CF/88?,"o São Poderes da União, independentes e harmônicos entre si, o Legislativo, o 
Executivo e o Judiciário"
Art. 2,"Complete a ideia do Art. 2: o São Poderes da União, independentes e harmônicos...","o São Poderes da União, independentes e harmônicos entre si, o Legislativo, o 
Executivo e o Judiciário."
Art. 3,Sobre o que dispõe o Art. 3 da CF/88?,"o Constituem objetivos fundamentais da República Federativa do Brasil:
I – construir uma sociedade livre, justa e solidária;
II – garantir o desenvolvimento nacional;
III – erradicar a pobreza e a marginalização e reduzir as desigualdades sociais e 
regionais;
IV – promover o bem de todos, sem preconceitos de origem, raça, sexo, cor, idade 
e quaisquer outras formas de discriminação"
Art. 3,Complete a ideia do Art. 3: o Constituem objetivos fundamentais da República F...,"o Constituem objetivos fundamentais da República Federativa do Brasil:
I – construir uma sociedade livre, justa e solidária;
II – garantir o desenvolvimento nacional;
III – erradicar a pobreza e a mar..."
Art. 4,Sobre o que dispõe o Art. 4 da CF/88?,"o A República Federativa do Brasil rege-se nas suas relações internacionais pelos 
seguintes princípios:
I – independência nacional;
II – prevalência dos direitos humanos;
III – autodeterminação dos povos;
IV – não-intervenção;
V – igualdade entre os Estados;
VI – defesa da paz;
VII – solução pacífica dos conflitos;
VIII – repúdio ao terrorismo e ao racismo;
IX – cooperação entre os povos para o progresso da humanidade;
X – concessão de asilo político"
Art. 4,Complete a ideia do Art. 4: o A República Federativa do Brasil rege-se nas sua...,"o A República Federativa do Brasil rege-se nas suas relações internacionais pelos 
seguintes princípios:
I – independência nacional;
II – prevalência dos direitos humanos;
III – autodeterminação dos p..."
Art. 5,Sobre o que dispõe o Art. 5 da CF/88?,"o Todos são iguais perante a lei, sem distinção de qualquer natureza, garantin-
do-se aos brasileiros e aos estrangeiros residentes no País a inviolabilidade do direito 
à vida, à liberdade, à igualdade, à segurança e à propriedade, nos termos seguintes: 
(EC n o 45/2004)
I – homens e mulheres são iguais em direitos e obrigações, nos termos desta 
Constituição;
II – ninguém será obrigado a fazer ou deixar de fazer alguma coisa senão em 
virtude de lei;
III – ninguém será submetido a tortura nem a tratamento desumano ou degradante;
IV – é livre a manifestação do pensamento, sendo vedado o anonimato;
V – é assegurado o direito de resposta, proporcional ao agravo, além da indenização 
por dano material, moral ou à imagem;
VI – é inviolável a liberdade de consciência e de crença, sendo assegurado o livre 
exercício dos cultos religiosos e garantida, na forma da lei, a proteção aos locais de culto 
e a suas liturgias;
VII – é assegurada, nos termos da lei, a prestação de assistência religiosa nas en-
tidades civis e militares de internação coletiva;
VIII – ninguém será privado de direitos por motivo de crença religiosa ou de 
convicção filosófica ou política, salvo se as invocar para eximir-se de obrigação legal a 
todos imposta e recusar-se a cumprir prestação alternativa, fixada em lei;
IX – é livre a expressão da atividade intelectual, artística, científica e de comuni-
cação, independentemente de censura ou licença;
X – são invioláveis a intimidade, a vida privada, a honra e a imagem das pessoas, as-
segurado o direito a indenização pelo dano material ou moral decorrente de sua violação;
XI – a casa é asilo inviolável do indivíduo, ninguém nela podendo penetrar sem 
consentimento do morador, salvo em caso de flagrante delito ou desastre, ou para prestar 
socorro, ou, durante o dia, por determinação judicial;
XII – é inviolável o sigilo da correspondência e das comunicações telegráficas, de 
dados e das comunicações telefônicas, salvo, no último caso, por ordem judicial, nas 
hipóteses e na forma que a lei estabelecer para fins de investigação criminal ou instrução 
processual penal;
XIII – é livre o exercício de qualquer trabalho, ofício ou profissão, atendidas as 
qualificações profissionais que a lei estabelecer;
XIV – é assegurado a todos o acesso à informação e resguardado o sigilo da fonte, 
quando necessário ao exercício profissional;
XV – é livre a locomoção no território nacional em tempo de paz, podendo 
qualquer pessoa, nos termos da lei, nele entrar, permanecer ou dele sair com seus bens;
XVI – todos podem reunir-se pacificamente, sem armas, em locais abertos ao 
público, independentemente de autorização, desde que não frustrem outra reunião 
13Dos Direitos e Garantias Fundamentais

anteriormente convocada para o mesmo local, sendo apenas exigido prévio aviso à 
autoridade competente;
XVII – é plena a liberdade de associação para fins lícitos, vedada a de caráter 
paramilitar;
XVIII – a criação de associações e, na forma da lei, a de cooperativas independem 
de autorização, sendo vedada a interferência estatal em seu funcionamento;
XIX – as associações só poderão ser compulsoriamente dissolvidas ou ter suas 
atividades suspensas por decisão judicial, exigindo-se, no primeiro caso, o trânsito em 
julgado;
XX – ninguém poderá ser compelido a associar-se ou a permanecer associado;
XXI – as entidades associativas, quando expressamente autorizadas, têm legitimi-
dade para representar seus filiados judicial ou extrajudicialmente;
XXII – é garantido o direito de propriedade;
XXIII – a propriedade atenderá a sua função social;
XXIV – a lei estabelecerá o procedimento para desapropriação por necessidade 
ou utilidade pública, ou por interesse social, mediante justa e prévia indenização em 
dinheiro, ressalvados os casos previstos nesta Constituição;
XXV – no caso de iminente perigo público, a autoridade competente poderá usar de 
propriedade particular, assegurada ao proprietário indenização ulterior, se houver dano;
XXVI – a pequena propriedade rural, assim definida em lei, desde que trabalhada 
pela família, não será objeto de penhora para pagamento de débitos decorrentes de sua 
atividade produtiva, dispondo a lei sobre os meios de financiar o seu desenvolvimento;
XXVII – aos autores pertence o direito exclusivo de utilização, publicação ou 
reprodução de suas obras, transmissível aos herdeiros pelo tempo que a lei fixar;
XXVIII – são assegurados, nos termos da lei:
a) a proteção às participações individuais em obras coletivas e à reprodução da 
imagem e voz humanas, inclusive nas atividades desportivas;
b) o direito de fiscalização do aproveitamento econômico das obras que criarem 
ou de que participarem aos criadores, aos intérpretes e às respectivas repre -
sentações sindicais e associativas;
XXIX – a lei assegurará aos autores de inventos industriais privilégio temporário 
para sua utilização, bem como proteção às criações industriais, à propriedade das marcas, 
aos nomes de empresas e a outros signos distintivos, tendo em vista o interesse social e 
o desenvolvimento tecnológico e econômico do País;
XXX – é garantido o direito de herança;
XXXI – a sucessão de bens de estrangeiros situados no País será regulada pela lei 
brasileira em benefício do cônjuge ou dos filhos brasileiros, sempre que não lhes seja 
mais favorável a lei pessoal do de cujus;
XXXII – o Estado promoverá, na forma da lei, a defesa do consumidor;
XXXIII – todos têm direito a receber dos órgãos públicos informações de seu 
interesse particular, ou de interesse coletivo ou geral, que serão prestadas no prazo da 
lei, sob pena de responsabilidade, ressalvadas aquelas cujo sigilo seja imprescindível à 
segurança da sociedade e do Estado;
XXXIV – são a todos assegurados, independentemente do pagamento de taxas:
Constituição da República Federativa do Brasil
14

a) o direito de petição aos Poderes Públicos em defesa de direitos ou contra 
ilegalidade ou abuso de poder;
b) a obtenção de certidões em repartições públicas, para defesa de direitos e 
esclarecimento de situações de interesse pessoal;
XXXV – a lei não excluirá da apreciação do Poder Judiciário lesão ou ameaça a 
direito;
XXXVI – a lei não prejudicará o direito adquirido, o ato jurídico perfeito e a coisa 
julgada;
XXXVII – não haverá juízo ou tribunal de exceção;
XXXVIII – é reconhecida a instituição do júri, com a organização que lhe der a 
lei, assegurados:
a) a plenitude de defesa;
b) o sigilo das votações;
c) a soberania dos veredictos;
d) a competência para o julgamento dos crimes dolosos contra a vida;
XXXIX – não há crime sem lei anterior que o defina, nem pena sem prévia co -
minação legal;
XL – a lei penal não retroagirá, salvo para beneficiar o réu;
XLI – a lei punirá qualquer discriminação atentatória dos direitos e liberdades 
fundamentais;
XLII – a prática do racismo constitui crime inafiançável e imprescritível, sujeito 
à pena de reclusão, nos termos da lei;
XLIII – a lei considerará crimes inafiançáveis e insuscetíveis de graça ou anistia 
a prática da tortura, o tráfico ilícito de entorpecentes e drogas afins, o terrorismo e os 
definidos como crimes hediondos, por eles respondendo os mandantes, os executores 
e os que, podendo evitá-los, se omitirem;
XLIV – constitui crime inafiançável e imprescritível a ação de grupos armados, 
civis ou militares, contra a ordem constitucional e o Estado Democrático;
XLV – nenhuma pena passará da pessoa do condenado, podendo a obrigação de 
reparar o dano e a decretação do perdimento de bens ser, nos termos da lei, estendidas 
aos sucessores e contra eles executadas, até o limite do valor do patrimônio transferido;
XLVI – a lei regulará a individualização da pena e adotará, entre outras, as se -
guintes:
a) privação ou restrição da liberdade;
b) perda de bens;
c) multa;
d) prestação social alternativa;
e) suspensão ou interdição de direitos;
XLVII – não haverá penas:
a) de morte, salvo em caso de guerra declarada, nos termos do art"
Art. 5,"Complete a ideia do Art. 5: o Todos são iguais perante a lei, sem distinção de...","o Todos são iguais perante a lei, sem distinção de qualquer natureza, garantin-
do-se aos brasileiros e aos estrangeiros residentes no País a inviolabilidade do direito 
à vida, à liberdade, à igualda..."
Art. 5,Qual a importância estratégica do Art. 5 para a organização do Estado?,Este artigo detalha normas complexas de organização ou competência essenciais para o funcionamento institucional.
Art. 6,Sobre o que dispõe o Art. 6 da CF/88?,"o São direitos sociais a educação, a saúde, a alimentação, o trabalho, a moradia, 
o transporte, o lazer, a segurança, a previdência social, a proteção à maternidade e à 
infância, a assistência aos desamparados, na forma desta Constituição"
Art. 6,"Complete a ideia do Art. 6: o São direitos sociais a educação, a saúde, a alim...","o São direitos sociais a educação, a saúde, a alimentação, o trabalho, a moradia, 
o transporte, o lazer, a segurança, a previdência social, a proteção à maternidade e à 
infância, a assistência aos d..."
Art. 7,Sobre o que dispõe o Art. 7 da CF/88?,"o São direitos dos trabalhadores urbanos e rurais, além de outros que visem à 
melhoria de sua condição social: (EC n o 20/98, EC n o 28/2000, EC n o 53/2006 e EC n o 
72/2013)
I – relação de emprego protegida contra despedida arbitrária ou sem justa causa, 
nos termos de lei complementar, que preverá indenização compensatória, dentre outros 
direitos;
II – seguro-desemprego, em caso de desemprego involuntário;
III – fundo de garantia do tempo de serviço;
IV – salário mínimo, fixado em lei, nacionalmente unificado, capaz de atender a 
suas necessidades vitais básicas e às de sua família com moradia, alimentação, educação, 
saúde, lazer, vestuário, higiene, transporte e previdência social, com reajustes periódicos 
que lhe preservem o poder aquisitivo, sendo vedada sua vinculação para qualquer fim;
V – piso salarial proporcional à extensão e à complexidade do trabalho;
VI – irredutibilidade do salário, salvo o disposto em convenção ou acordo coletivo;
VII – garantia de salário, nunca inferior ao mínimo, para os que percebem remu-
neração variável;
VIII – décimo terceiro salário com base na remuneração integral ou no valor da 
aposentadoria;
IX – remuneração do trabalho noturno superior à do diurno;
X – proteção do salário na forma da lei, constituindo crime sua retenção dolosa;
XI – participação nos lucros, ou resultados, desvinculada da remuneração, e, ex-
cepcionalmente, participação na gestão da empresa, conforme definido em lei;
XII – salário-família pago em razão do dependente do trabalhador de baixa renda 
nos termos da lei;
XIII – duração do trabalho normal não superior a oito horas diárias e quarenta e 
quatro semanais, facultada a compensação de horários e a redução da jornada, mediante 
acordo ou convenção coletiva de trabalho;
XIV – jornada de seis horas para o trabalho realizado em turnos ininterruptos de 
revezamento, salvo negociação coletiva;
XV – repouso semanal remunerado, preferencialmente aos domingos;
XVI – remuneração do serviço extraordinário superior, no mínimo, em cinqüenta 
por cento à do normal;
XVII – gozo de férias anuais remuneradas com, pelo menos, um terço a mais do 
que o salário normal;
XVIII – licença à gestante, sem prejuízo do emprego e do salário, com a duração 
de cento e vinte dias;
XIX – licença-paternidade, nos termos fixados em lei;
Constituição da República Federativa do Brasil
18

XX – proteção do mercado de trabalho da mulher, mediante incentivos específicos, 
nos termos da lei;
XXI – aviso prévio proporcional ao tempo de serviço, sendo no mínimo de trinta 
dias, nos termos da lei;
XXII – redução dos riscos inerentes ao trabalho, por meio de normas de saúde, 
higiene e segurança;
XXIII – adicional de remuneração para as atividades penosas, insalubres ou pe -
rigosas, na forma da lei;
XXIV – aposentadoria;
XXV – assistência gratuita aos filhos e dependentes desde o nascimento até 5 
(cinco) anos de idade em creches e pré-escolas;
XXVI – reconhecimento das convenções e acordos coletivos de trabalho;
XXVII – proteção em face da automação, na forma da lei;
XXVIII – seguro contra acidentes de trabalho, a cargo do empregador, sem excluir 
a indenização a que este está obrigado, quando incorrer em dolo ou culpa;
XXIX – ação, quanto aos créditos resultantes das relações de trabalho, com prazo 
prescricional de cinco anos para os trabalhadores urbanos e rurais, até o limite de dois 
anos após a extinção do contrato de trabalho:
a) (Revogada);
b) (Revogada);
XXX – proibição de diferença de salários, de exercício de funções e de critério de 
admissão por motivo de sexo, idade, cor ou estado civil;
XXXI – proibição de qualquer discriminação no tocante a salário e critérios de 
admissão do trabalhador portador de deficiência;
XXXII – proibição de distinção entre trabalho manual, técnico e intelectual ou 
entre os profissionais respectivos;
XXXIII – proibição de trabalho noturno, perigoso ou insalubre a menores de de-
zoito e de qualquer trabalho a menores de dezesseis anos, salvo na condição de aprendiz, 
a partir de quatorze anos;
XXXIV – igualdade de direitos entre o trabalhador com vínculo empregatício 
permanente e o trabalhador avulso"
Art. 7,Quais são os principais pontos/incisos do Art. 7?,Consulte o texto para detalhes sobre a lista de competências ou direitos específicos deste artigo.
Art. 7,Qual a importância estratégica do Art. 7 para a organização do Estado?,Este artigo detalha normas complexas de organização ou competência essenciais para o funcionamento institucional.
Art. 8,Sobre o que dispõe o Art. 8 da CF/88?,"o É livre a associação profissional ou sindical, observado o seguinte:
I – a lei não poderá exigir autorização do Estado para a fundação de sindicato, 
ressalvado o registro no órgão competente, vedadas ao Poder Público a interferência e 
a intervenção na organização sindical;
II – é vedada a criação de mais de uma organização sindical, em qualquer grau, 
representativa de categoria profissional ou econômica, na mesma base territorial, que 
será definida pelos trabalhadores ou empregadores interessados, não podendo ser in -
ferior à área de um Município;
19Dos Direitos e Garantias Fundamentais

III – ao sindicato cabe a defesa dos direitos e interesses coletivos ou individuais 
da categoria, inclusive em questões judiciais ou administrativas;
IV – a assembléia geral fixará a contribuição que, em se tratando de categoria 
profissional, será descontada em folha, para custeio do sistema confederativo da repre-
sentação sindical respectiva, independentemente da contribuição prevista em lei;
V – ninguém será obrigado a filiar-se ou a manter-se filiado a sindicato;
VI – é obrigatória a participação dos sindicatos nas negociações coletivas de 
trabalho;
VII – o aposentado filiado tem direito a votar e ser votado nas organizações sin-
dicais;
VIII – é vedada a dispensa do empregado sindicalizado a partir do registro da 
candidatura a cargo de direção ou representação sindical e, se eleito, ainda que suplen-
te, até um ano após o final do mandato, salvo se cometer falta grave nos termos da lei"
Art. 8,"Complete a ideia do Art. 8: o É livre a associação profissional ou sindical, o...","o É livre a associação profissional ou sindical, observado o seguinte:
I – a lei não poderá exigir autorização do Estado para a fundação de sindicato, 
ressalvado o registro no órgão competente, vedad..."
Art. 8,Qual a importância estratégica do Art. 8 para a organização do Estado?,Este artigo detalha normas complexas de organização ou competência essenciais para o funcionamento institucional.
Art. 9,Sobre o que dispõe o Art. 9 da CF/88?,"o É assegurado o direito de greve, competindo aos trabalhadores decidir sobre 
a oportunidade de exercê-lo e sobre os interesses que devam por meio dele defender"
Art. 9,"Complete a ideia do Art. 9: o É assegurado o direito de greve, competindo aos ...","o É assegurado o direito de greve, competindo aos trabalhadores decidir sobre 
a oportunidade de exercê-lo e sobre os interesses que devam por meio dele defender.
§ 1o A lei definirá os serviços ou at..."
Art. 10,Sobre o que dispõe o Art. 10 da CF/88?,"É assegurada a participação dos trabalhadores e empregadores nos colegiados 
dos órgãos públicos em que seus interesses profissionais ou previdenciários sejam objeto 
de discussão e deliberação"
Art. 10,Complete a ideia do Art. 10: É assegurada a participação dos trabalhadores e em...,"É assegurada a participação dos trabalhadores e empregadores nos colegiados 
dos órgãos públicos em que seus interesses profissionais ou previdenciários sejam objeto 
de discussão e deliberação."
Art. 11,Sobre o que dispõe o Art. 11 da CF/88?,"Nas empresas de mais de duzentos empregados, é assegurada a eleição de 
um representante destes com a finalidade exclusiva de promover-lhes o entendimento 
direto com os empregadores"
Art. 11,"Complete a ideia do Art. 11: Nas empresas de mais de duzentos empregados, é ass...","Nas empresas de mais de duzentos empregados, é assegurada a eleição de 
um representante destes com a finalidade exclusiva de promover-lhes o entendimento 
direto com os empregadores.
CAPÍTULO III –  ..."
Art. 12,Sobre o que dispõe o Art. 12 da CF/88?,"São brasileiros: (ECR no 3/94, EC n o 23/99 e EC n o 54/2007)
I – natos:
a) os nascidos na República Federativa do Brasil, ainda que de pais estrangeiros, 
desde que estes não estejam a serviço de seu país;
b) os nascidos no estrangeiro, de pai brasileiro ou mãe brasileira, desde que 
qualquer deles esteja a serviço da República Federativa do Brasil;
c) os nascidos no estrangeiro de pai brasileiro ou de mãe brasileira, desde que 
sejam registrados em repartição brasileira competente ou venham a residir na 
República Federativa do Brasil e optem, em qualquer tempo, depois de atingida 
a maioridade, pela nacionalidade brasileira;
II – naturalizados:
a) os que, na forma da lei, adquiram a nacionalidade brasileira, exigidas aos 
originários de países de língua portuguesa apenas residência por um ano 
ininterrupto e idoneidade moral;
Constituição da República Federativa do Brasil
20

b) os estrangeiros de qualquer nacionalidade residentes na República Federativa 
do Brasil há mais de quinze anos ininterruptos e sem condenação penal, desde 
que requeiram a nacionalidade brasileira"
Art. 12,"Complete a ideia do Art. 12: São brasileiros: (ECR no 3/94, EC n o 23/99 e EC n...","São brasileiros: (ECR no 3/94, EC n o 23/99 e EC n o 54/2007)
I – natos:
a) os nascidos na República Federativa do Brasil, ainda que de pais estrangeiros, 
desde que estes não estejam a serviço de seu..."
Art. 12,Qual a importância estratégica do Art. 12 para a organização do Estado?,Este artigo detalha normas complexas de organização ou competência essenciais para o funcionamento institucional.
Art. 13,Sobre o que dispõe o Art. 13 da CF/88?,A língua portuguesa é o idioma oficial da República Federativa do Brasil
Art. 13,Complete a ideia do Art. 13: A língua portuguesa é o idioma oficial da Repúblic...,"A língua portuguesa é o idioma oficial da República Federativa do Brasil.
§ 1o São símbolos da República Federativa do Brasil a bandeira, o hino, as armas e 
o selo nacionais.
§ 2o Os Estados, o Distr..."
Art. 14,Sobre o que dispõe o Art. 14 da CF/88?,"A soberania popular será exercida pelo sufrágio universal e pelo voto direto 
e secreto, com valor igual para todos, e, nos termos da lei, mediante: (ECR n o 4/94 e 
EC n o 16/97)
I – plebiscito;
II – referendo;
III – iniciativa popular"
Art. 14,Complete a ideia do Art. 14: A soberania popular será exercida pelo sufrágio un...,"A soberania popular será exercida pelo sufrágio universal e pelo voto direto 
e secreto, com valor igual para todos, e, nos termos da lei, mediante: (ECR n o 4/94 e 
EC n o 16/97)
I – plebiscito;
II –..."
Art. 14,Qual a importância estratégica do Art. 14 para a organização do Estado?,Este artigo detalha normas complexas de organização ou competência essenciais para o funcionamento institucional.
Art. 15,Sobre o que dispõe o Art. 15 da CF/88?,"É vedada a cassação de direitos políticos, cuja perda ou suspensão só se dará 
nos casos de:
I – cancelamento da naturalização por sentença transitada em julgado;
II – incapacidade civil absoluta;
III – condenação criminal transitada em julgado, enquanto durarem seus efeitos;
IV – recusa de cumprir obrigação a todos imposta ou prestação alternativa, nos 
termos do art"
Art. 15,"Complete a ideia do Art. 15: É vedada a cassação de direitos políticos, cuja pe...","É vedada a cassação de direitos políticos, cuja perda ou suspensão só se dará 
nos casos de:
I – cancelamento da naturalização por sentença transitada em julgado;
II – incapacidade civil absoluta;
III..."
Art. 16,Sobre o que dispõe o Art. 16 da CF/88?,"A lei que alterar o processo eleitoral entrará em vigor na data de sua publica-
ção, não se aplicando à eleição que ocorra até um ano da data de sua vigência"
Art. 16,Complete a ideia do Art. 16: A lei que alterar o processo eleitoral entrará em ...,"A lei que alterar o processo eleitoral entrará em vigor na data de sua publica-
ção, não se aplicando à eleição que ocorra até um ano da data de sua vigência. (EC no 4/93)
CAPÍTULO V –  
Dos Partidos ..."
Art. 17,Sobre o que dispõe o Art. 17 da CF/88?,"É livre a criação, fusão, incorporação e extinção de partidos políticos, res -
guardados a soberania nacional, o regime democrático, o pluripartidarismo, os direitos 
fundamentais da pessoa humana e observados os seguintes preceitos: (EC n o 52/2006)
I – caráter nacional;
II – proibição de recebimento de recursos financeiros de entidade ou governo 
estrangeiros ou de subordinação a estes;
III – prestação de contas à Justiça Eleitoral;
IV – funcionamento parlamentar de acordo com a lei"
Art. 17,"Complete a ideia do Art. 17: É livre a criação, fusão, incorporação e extinção ...","É livre a criação, fusão, incorporação e extinção de partidos políticos, res -
guardados a soberania nacional, o regime democrático, o pluripartidarismo, os direitos 
fundamentais da pessoa humana e o..."
Art. 17,Qual a importância estratégica do Art. 17 para a organização do Estado?,Este artigo detalha normas complexas de organização ou competência essenciais para o funcionamento institucional.
Art. 18,Sobre o que dispõe o Art. 18 da CF/88?,"A organização político-administrativa da República Federativa do Brasil 
compreende a União, os Estados, o Distrito Federal e os Municípios, todos autônomos, 
nos termos desta Constituição"
Art. 18,Complete a ideia do Art. 18: A organização político-administrativa da República...,"A organização político-administrativa da República Federativa do Brasil 
compreende a União, os Estados, o Distrito Federal e os Municípios, todos autônomos, 
nos termos desta Constituição. (EC n o 15..."
Art. 18,Qual a importância estratégica do Art. 18 para a organização do Estado?,Este artigo detalha normas complexas de organização ou competência essenciais para o funcionamento institucional.
Art. 19,Sobre o que dispõe o Art. 19 da CF/88?,"É vedado à União, aos Estados, ao Distrito Federal e aos Municípios:
I – estabelecer cultos religiosos ou igrejas, subvencioná-los, embaraçar-lhes o 
funcionamento ou manter com eles ou seus representantes relações de dependência ou 
aliança, ressalvada, na forma da lei, a colaboração de interesse público;
II – recusar fé aos documentos públicos;
III – criar distinções entre brasileiros ou preferências entre si"
Art. 19,"Complete a ideia do Art. 19: É vedado à União, aos Estados, ao Distrito Federal...","É vedado à União, aos Estados, ao Distrito Federal e aos Municípios:
I – estabelecer cultos religiosos ou igrejas, subvencioná-los, embaraçar-lhes o 
funcionamento ou manter com eles ou seus represent..."
Art. 20,Sobre o que dispõe o Art. 20 da CF/88?,"São bens da União: (EC n o 46/2005)
I – os que atualmente lhe pertencem e os que lhe vierem a ser atribuídos;
II – as terras devolutas indispensáveis à defesa das fronteiras, das fortificações 
e construções militares, das vias federais de comunicação e à preservação ambiental, 
definidas em lei;
III – os lagos, rios e quaisquer correntes de água em terrenos de seu domínio, ou 
que banhem mais de um Estado, sirvam de limites com outros países, ou se estendam a 
território estrangeiro ou dele provenham, bem como os terrenos marginais e as praias 
fluviais;
IV – as ilhas fluviais e lacustres nas zonas limítrofes com outros países; as praias 
marítimas; as ilhas oceânicas e as costeiras, excluídas, destas, as que contenham a sede 
de Municípios, exceto aquelas áreas afetadas ao serviço público e a unidade ambiental 
federal, e as referidas no art"
Art. 20,"Complete a ideia do Art. 20: São bens da União: (EC n o 46/2005)
I – os que atu...","São bens da União: (EC n o 46/2005)
I – os que atualmente lhe pertencem e os que lhe vierem a ser atribuídos;
II – as terras devolutas indispensáveis à defesa das fronteiras, das fortificações 
e cons..."
Art. 20,Qual a importância estratégica do Art. 20 para a organização do Estado?,Este artigo detalha normas complexas de organização ou competência essenciais para o funcionamento institucional.
Art. 21,Sobre o que dispõe o Art. 21 da CF/88?,"Compete à União: (EC no 8/95, EC n o 19/98, EC n o 49/2006 e EC n o 69/2012)
I – manter relações com Estados estrangeiros e participar de organizações inter-
nacionais;
II – declarar a guerra e celebrar a paz;
III – assegurar a defesa nacional;
IV – permitir, nos casos previstos em lei complementar, que forças estrangeiras 
transitem pelo território nacional ou nele permaneçam temporariamente;
V – decretar o estado de sítio, o estado de defesa e a intervenção federal;
VI – autorizar e fiscalizar a produção e o comércio de material bélico;
VII – emitir moeda;
VIII – administrar as reservas cambiais do País e fiscalizar as operações de natureza 
financeira, especialmente as de crédito, câmbio e capitalização, bem como as de seguros 
e de previdência privada;
IX – elaborar e executar planos nacionais e regionais de ordenação do território 
e de desenvolvimento econômico e social;
X – manter o serviço postal e o correio aéreo nacional;
XI – explorar, diretamente ou mediante autorização, concessão ou permissão, os 
serviços de telecomunicações, nos termos da lei, que disporá sobre a organização dos 
serviços, a criação de um órgão regulador e outros aspectos institucionais;
XII – explorar, diretamente ou mediante autorização, concessão ou permissão:
a) os serviços de radiodifusão sonora e de sons e imagens;
b) os serviços e instalações de energia elétrica e o aproveitamento energético dos 
cursos de água, em articulação com os Estados onde se situam os potenciais 
hidroenergéticos;
c) a navegação aérea, aeroespacial e a infra-estrutura aeroportuária;
d) os serviços de transporte ferroviário e aquaviário entre portos brasileiros e 
fronteiras nacionais, ou que transponham os limites de Estado ou Território;
Constituição da República Federativa do Brasil
26

e) os serviços de transporte rodoviário interestadual e internacional de passa -
geiros;
f) os portos marítimos, fluviais e lacustres;
XIII – organizar e manter o Poder Judiciário, o Ministério Público do Distrito 
Federal e dos Territórios e a Defensoria Pública dos Territórios;
XIV – organizar e manter a polícia civil, a polícia militar e o corpo de bombeiros 
militar do Distrito Federal, bem como prestar assistência financeira ao Distrito Federal 
para a execução de serviços públicos, por meio de fundo próprio;
XV – organizar e manter os serviços oficiais de estatística, geografia, geologia e 
cartografia de âmbito nacional;
XVI – exercer a classificação, para efeito indicativo, de diversões públicas e de 
programas de rádio e televisão;
XVII – conceder anistia;
XVIII – planejar e promover a defesa permanente contra as calamidades públicas, 
especialmente as secas e as inundações;
XIX – instituir sistema nacional de gerenciamento de recursos hídricos e definir 
critérios de outorga de direitos de seu uso;
XX – instituir diretrizes para o desenvolvimento urbano, inclusive habitação, 
saneamento básico e transportes urbanos;
XXI – estabelecer princípios e diretrizes para o sistema nacional de viação;
XXII – executar os serviços de polícia marítima, aeroportuária e de fronteiras;
XXIII – explorar os serviços e instalações nucleares de qualquer natureza e exer-
cer monopólio estatal sobre a pesquisa, a lavra, o enriquecimento e reprocessamento, 
a industrialização e o comércio de minérios nucleares e seus derivados, atendidos os 
seguintes princípios e condições:
a) toda atividade nuclear em território nacional somente será admitida para fins 
pacíficos e mediante aprovação do Congresso Nacional;
b) sob regime de permissão, são autorizadas a comercialização e a utilização de 
radioisótopos para a pesquisa e usos médicos, agrícolas e industriais;
c) sob regime de permissão, são autorizadas a produção, comercialização e utili-
zação de radioisótopos de meia-vida igual ou inferior a duas horas;
d) a responsabilidade civil por danos nucleares independe da existência de culpa;
XXIV – organizar, manter e executar a inspeção do trabalho;
XXV – estabelecer as áreas e as condições para o exercício da atividade de garim-
pagem, em forma associativa"
Art. 21,"Complete a ideia do Art. 21: Compete à União: (EC no 8/95, EC n o 19/98, EC n o...","Compete à União: (EC no 8/95, EC n o 19/98, EC n o 49/2006 e EC n o 69/2012)
I – manter relações com Estados estrangeiros e participar de organizações inter-
nacionais;
II – declarar a guerra e celebr..."
Art. 21,Qual a importância estratégica do Art. 21 para a organização do Estado?,Este artigo detalha normas complexas de organização ou competência essenciais para o funcionamento institucional.
Art. 22,Sobre o que dispõe o Art. 22 da CF/88?,"Compete privativamente à União legislar sobre: (EC no 19/98 e EC n o 69/2012)
I – direito civil, comercial, penal, processual, eleitoral, agrário, marítimo, aero -
náutico, espacial e do trabalho;
II – desapropriação;
III – requisições civis e militares, em caso de iminente perigo e em tempo de guerra;
IV – águas, energia, informática, telecomunicações e radiodifusão;
V – serviço postal;
27Da Organização do Estado

VI – sistema monetário e de medidas, títulos e garantias dos metais;
VII – política de crédito, câmbio, seguros e transferência de valores;
VIII – comércio exterior e interestadual;
IX – diretrizes da política nacional de transportes;
X – regime dos portos, navegação lacustre, fluvial, marítima, aérea e aeroespacial;
XI – trânsito e transporte;
XII – jazidas, minas, outros recursos minerais e metalurgia;
XIII – nacionalidade, cidadania e naturalização;
XIV – populações indígenas;
XV – emigração e imigração, entrada, extradição e expulsão de estrangeiros;
XVI – organização do sistema nacional de emprego e condições para o exercício 
de profissões;
XVII – organização judiciária, do Ministério Público do Distrito Federal e dos 
Territórios e da Defensoria Pública dos Territórios, bem como organização adminis -
trativa destes;
XVIII – sistema estatístico, sistema cartográfico e de geologia nacionais;
XIX – sistemas de poupança, captação e garantia da poupança popular;
XX – sistemas de consórcios e sorteios;
XXI – normas gerais de organização, efetivos, material bélico, garantias, convoca-
ção e mobilização das polícias militares e corpos de bombeiros militares;
XXII – competência da polícia federal e das polícias rodoviária e ferroviária fe -
derais;
XXIII – seguridade social;
XXIV – diretrizes e bases da educação nacional;
XXV – registros públicos;
XXVI – atividades nucleares de qualquer natureza;
XXVII – normas gerais de licitação e contratação, em todas as modalidades, para 
as administrações públicas diretas, autárquicas e fundacionais da União, Estados, Distrito 
Federal e Municípios, obedecido o disposto no art"
Art. 22,Complete a ideia do Art. 22: Compete privativamente à União legislar sobre: (EC...,"Compete privativamente à União legislar sobre: (EC no 19/98 e EC n o 69/2012)
I – direito civil, comercial, penal, processual, eleitoral, agrário, marítimo, aero -
náutico, espacial e do trabalho;
II ..."
Art. 22,Qual a importância estratégica do Art. 22 para a organização do Estado?,Este artigo detalha normas complexas de organização ou competência essenciais para o funcionamento institucional.
Art. 23,Sobre o que dispõe o Art. 23 da CF/88?,"É competência comum da União, dos Estados, do Distrito Federal e dos 
Municípios: (EC n o 53/2006 e EC n o 85/2015)
I – zelar pela guarda da Constituição, das leis e das instituições democráticas e 
conservar o patrimônio público;
II – cuidar da saúde e assistência pública, da proteção e garantia das pessoas por-
tadoras de deficiência;
Constituição da República Federativa do Brasil
28

III – proteger os documentos, as obras e outros bens de valor histórico, artístico e 
cultural, os monumentos, as paisagens naturais notáveis e os sítios arqueológicos;
IV – impedir a evasão, a destruição e a descaracterização de obras de arte e de 
outros bens de valor histórico, artístico ou cultural;
V – proporcionar os meios de acesso à cultura, à educação, à ciência, à tecnologia, 
à pesquisa e à inovação;
VI – proteger o meio ambiente e combater a poluição em qualquer de suas formas;
VII – preservar as florestas, a fauna e a flora;
VIII – fomentar a produção agropecuária e organizar o abastecimento alimentar;
IX – promover programas de construção de moradias e a melhoria das condições 
habitacionais e de saneamento básico;
X – combater as causas da pobreza e os fatores de marginalização, promovendo a 
integração social dos setores desfavorecidos;
XI – registrar, acompanhar e fiscalizar as concessões de direitos de pesquisa e 
exploração de recursos hídricos e minerais em seus territórios;
XII – estabelecer e implantar política de educação para a segurança do trânsito"
Art. 23,"Complete a ideia do Art. 23: É competência comum da União, dos Estados, do Dist...","É competência comum da União, dos Estados, do Distrito Federal e dos 
Municípios: (EC n o 53/2006 e EC n o 85/2015)
I – zelar pela guarda da Constituição, das leis e das instituições democráticas e 
c..."
Art. 23,Qual a importância estratégica do Art. 23 para a organização do Estado?,Este artigo detalha normas complexas de organização ou competência essenciais para o funcionamento institucional.
Art. 24,Sobre o que dispõe o Art. 24 da CF/88?,"Compete à União, aos Estados e ao Distrito Federal legislar concorrentemente 
sobre: (EC no 85/2015)
I – direito tributário, financeiro, penitenciário, econômico e urbanístico;
II – orçamento;
III – juntas comerciais;
IV – custas dos serviços forenses;
V – produção e consumo;
VI – florestas, caça, pesca, fauna, conservação da natureza, defesa do solo e dos 
recursos naturais, proteção do meio ambiente e controle da poluição;
VII – proteção ao patrimônio histórico, cultural, artístico, turístico e paisagístico;
VIII – responsabilidade por dano ao meio ambiente, ao consumidor, a bens e 
direitos de valor artístico, estético, histórico, turístico e paisagístico;
IX – educação, cultura, ensino, desporto, ciência, tecnologia, pesquisa, desenvol-
vimento e inovação;
X – criação, funcionamento e processo do juizado de pequenas causas;
XI – procedimentos em matéria processual;
XII – previdência social, proteção e defesa da saúde;
XIII – assistência jurídica e defensoria pública;
XIV – proteção e integração social das pessoas portadoras de deficiência;
XV – proteção à infância e à juventude;
XVI – organização, garantias, direitos e deveres das polícias civis"
Art. 24,"Complete a ideia do Art. 24: Compete à União, aos Estados e ao Distrito Federal...","Compete à União, aos Estados e ao Distrito Federal legislar concorrentemente 
sobre: (EC no 85/2015)
I – direito tributário, financeiro, penitenciário, econômico e urbanístico;
II – orçamento;
III – j..."
Art. 24,Qual a importância estratégica do Art. 24 para a organização do Estado?,Este artigo detalha normas complexas de organização ou competência essenciais para o funcionamento institucional.
Art. 25,Sobre o que dispõe o Art. 25 da CF/88?,"Os Estados organizam-se e regem-se pelas Constituições e leis que adotarem, 
observados os princípios desta Constituição"
Art. 25,Complete a ideia do Art. 25: Os Estados organizam-se e regem-se pelas Constitui...,"Os Estados organizam-se e regem-se pelas Constituições e leis que adotarem, 
observados os princípios desta Constituição. (EC n o 5/95)
§ 1o São reservadas aos Estados as competências que não lhes sej..."
Art. 26,Sobre o que dispõe o Art. 26 da CF/88?,"Incluem-se entre os bens dos Estados:
I – as águas superficiais ou subterrâneas, fluentes, emergentes e em depósito, res-
salvadas, neste caso, na forma da lei, as decorrentes de obras da União;
II – as áreas, nas ilhas oceânicas e costeiras, que estiverem no seu domínio, exclu-
ídas aquelas sob domínio da União, Municípios ou terceiros;
III – as ilhas fluviais e lacustres não pertencentes à União;
IV – as terras devolutas não compreendidas entre as da União"
Art. 26,"Complete a ideia do Art. 26: Incluem-se entre os bens dos Estados:
I – as águas...","Incluem-se entre os bens dos Estados:
I – as águas superficiais ou subterrâneas, fluentes, emergentes e em depósito, res-
salvadas, neste caso, na forma da lei, as decorrentes de obras da União;
II – ..."
Art. 27,Sobre o que dispõe o Art. 27 da CF/88?,"O número de Deputados à Assembléia Legislativa corresponderá ao triplo 
da representação do Estado na Câmara dos Deputados e, atingido o número de trinta 
e seis, será acrescido de tantos quantos forem os Deputados Federais acima de doze"
Art. 27,Complete a ideia do Art. 27: O número de Deputados à Assembléia Legislativa cor...,"O número de Deputados à Assembléia Legislativa corresponderá ao triplo 
da representação do Estado na Câmara dos Deputados e, atingido o número de trinta 
e seis, será acrescido de tantos quantos fore..."
Art. 27,Qual a importância estratégica do Art. 27 para a organização do Estado?,Este artigo detalha normas complexas de organização ou competência essenciais para o funcionamento institucional.
Art. 28,Sobre o que dispõe o Art. 28 da CF/88?,"A eleição do Governador e do Vice-Governador de Estado, para mandato 
de quatro anos, realizar-se-á no primeiro domingo de outubro, em primeiro turno, e no 
último domingo de outubro, em segundo turno, se houver, do ano anterior ao do término 
Constituição da República Federativa do Brasil
30

do mandato de seus antecessores, e a posse ocorrerá em primeiro de janeiro do ano sub-
seqüente, observado, quanto ao mais, o disposto no art"
Art. 28,Complete a ideia do Art. 28: A eleição do Governador e do Vice-Governador de Es...,"A eleição do Governador e do Vice-Governador de Estado, para mandato 
de quatro anos, realizar-se-á no primeiro domingo de outubro, em primeiro turno, e no 
último domingo de outubro, em segundo turno..."
Art. 29,Sobre o que dispõe o Art. 29 da CF/88?,-A
Art. 29,Complete a ideia do Art. 29: -A...,"-A.  O total da despesa do Poder Legislativo Municipal, incluídos os subsídios 
dos Vereadores e excluídos os gastos com inativos, não poderá ultrapassar os seguintes 
percentuais, relativos ao somató..."
Art. 29,Qual a importância estratégica do Art. 29 para a organização do Estado?,Este artigo detalha normas complexas de organização ou competência essenciais para o funcionamento institucional.
Art. 30,Sobre o que dispõe o Art. 30 da CF/88?,"Compete aos Municípios: (EC n o 53/2006)
I – legislar sobre assuntos de interesse local;
II – suplementar a legislação federal e a estadual no que couber;
III – instituir e arrecadar os tributos de sua competência, bem como aplicar suas 
rendas, sem prejuízo da obrigatoriedade de prestar contas e publicar balancetes nos 
prazos fixados em lei;
IV – criar, organizar e suprimir distritos, observada a legislação estadual;
V – organizar e prestar, diretamente ou sob regime de concessão ou permissão, os 
serviços públicos de interesse local, incluído o de transporte coletivo, que tem caráter 
essencial;
VI – manter, com a cooperação técnica e financeira da União e do Estado, pro -
gramas de educação infantil e de ensino fundamental;
VII – prestar, com a cooperação técnica e financeira da União e do Estado, serviços 
de atendimento à saúde da população;
VIII – promover, no que couber, adequado ordenamento territorial, mediante 
planejamento e controle do uso, do parcelamento e da ocupação do solo urbano;
IX – promover a proteção do patrimônio histórico-cultural local, observada a 
legislação e a ação fiscalizadora federal e estadual"
Art. 30,"Complete a ideia do Art. 30: Compete aos Municípios: (EC n o 53/2006)
I – legis...","Compete aos Municípios: (EC n o 53/2006)
I – legislar sobre assuntos de interesse local;
II – suplementar a legislação federal e a estadual no que couber;
III – instituir e arrecadar os tributos de su..."
Art. 30,Qual a importância estratégica do Art. 30 para a organização do Estado?,Este artigo detalha normas complexas de organização ou competência essenciais para o funcionamento institucional.
Art. 31,Sobre o que dispõe o Art. 31 da CF/88?,"A fiscalização do Município será exercida pelo Poder Legislativo Municipal, 
mediante controle externo, e pelos sistemas de controle interno do Poder Executivo 
Municipal, na forma da lei"
Art. 31,Complete a ideia do Art. 31: A fiscalização do Município será exercida pelo Pod...,"A fiscalização do Município será exercida pelo Poder Legislativo Municipal, 
mediante controle externo, e pelos sistemas de controle interno do Poder Executivo 
Municipal, na forma da lei.
§ 1o O cont..."
Art. 32,Sobre o que dispõe o Art. 32 da CF/88?,"O Distrito Federal, vedada sua divisão em Municípios, reger-se-á por lei or-
gânica, votada em dois turnos com interstício mínimo de dez dias, e aprovada por dois 
terços da Câmara Legislativa, que a promulgará, atendidos os princípios estabelecidos 
nesta Constituição"
Art. 32,"Complete a ideia do Art. 32: O Distrito Federal, vedada sua divisão em Municípi...","O Distrito Federal, vedada sua divisão em Municípios, reger-se-á por lei or-
gânica, votada em dois turnos com interstício mínimo de dez dias, e aprovada por dois 
terços da Câmara Legislativa, que a ..."
Art. 33,Sobre o que dispõe o Art. 33 da CF/88?,A lei disporá sobre a organização administrativa e judiciária dos Territórios
Art. 33,Complete a ideia do Art. 33: A lei disporá sobre a organização administrativa e...,"A lei disporá sobre a organização administrativa e judiciária dos Territórios.
§ 1o Os Territórios poderão ser divididos em Municípios, aos quais se aplicará, no 
que couber, o disposto no Capítulo IV..."
Art. 34,Sobre o que dispõe o Art. 34 da CF/88?,"A União não intervirá nos Estados nem no Distrito Federal, exceto para: 
(EC n o 14/96 e EC n o 29/2000)
I – manter a integridade nacional;
II – repelir invasão estrangeira ou de uma unidade da Federação em outra;
III – pôr termo a grave comprometimento da ordem pública;
IV – garantir o livre exercício de qualquer dos Poderes nas unidades da Federação;
V – reorganizar as finanças da unidade da Federação que:
a) suspender o pagamento da dívida fundada por mais de dois anos consecutivos, 
salvo motivo de força maior;
b) deixar de entregar aos Municípios receitas tributárias fixadas nesta Constitui-
ção, dentro dos prazos estabelecidos em lei;
VI – prover a execução de lei federal, ordem ou decisão judicial;
VII – assegurar a observância dos seguintes princípios constitucionais:
a) forma republicana, sistema representativo e regime democrático;
b) direitos da pessoa humana;
c) autonomia municipal;
d) prestação de contas da administração pública, direta e indireta;
e) aplicação do mínimo exigido da receita resultante de impostos estaduais, com-
preendida a proveniente de transferências, na manutenção e desenvolvimento 
do ensino e nas ações e serviços públicos de saúde"
Art. 34,Complete a ideia do Art. 34: A União não intervirá nos Estados nem no Distrito ...,"A União não intervirá nos Estados nem no Distrito Federal, exceto para: 
(EC n o 14/96 e EC n o 29/2000)
I – manter a integridade nacional;
II – repelir invasão estrangeira ou de uma unidade da Federa..."
Art. 34,Qual a importância estratégica do Art. 34 para a organização do Estado?,Este artigo detalha normas complexas de organização ou competência essenciais para o funcionamento institucional.
Art. 35,Sobre o que dispõe o Art. 35 da CF/88?,"O Estado não intervirá em seus Municípios, nem a União nos Municípios 
localizados em Território Federal, exceto quando: (EC no 29/2000)
I – deixar de ser paga, sem motivo de força maior, por dois anos consecutivos, a 
dívida fundada;
II – não forem prestadas contas devidas, na forma da lei;
III – não tiver sido aplicado o mínimo exigido da receita municipal na manutenção 
e desenvolvimento do ensino e nas ações e serviços públicos de saúde;
IV – o Tribunal de Justiça der provimento a representação para assegurar a ob -
servância de princípios indicados na Constituição Estadual, ou para prover a execução 
de lei, de ordem ou de decisão judicial"
Art. 35,"Complete a ideia do Art. 35: O Estado não intervirá em seus Municípios, nem a U...","O Estado não intervirá em seus Municípios, nem a União nos Municípios 
localizados em Território Federal, exceto quando: (EC no 29/2000)
I – deixar de ser paga, sem motivo de força maior, por dois ano..."
Art. 36,Sobre o que dispõe o Art. 36 da CF/88?,"A decretação da intervenção dependerá: (EC n o 45/2004)
I – no caso do art"
Art. 36,Complete a ideia do Art. 36: A decretação da intervenção dependerá: (EC n o 45/...,"A decretação da intervenção dependerá: (EC n o 45/2004)
I – no caso do art. 34, IV , de solicitação do Poder Legislativo ou do Poder Execu-
tivo coacto ou impedido, ou de requisição do Supremo Tribuna..."
Art. 36,Qual a importância estratégica do Art. 36 para a organização do Estado?,Este artigo detalha normas complexas de organização ou competência essenciais para o funcionamento institucional.
Art. 37,Sobre o que dispõe o Art. 37 da CF/88?,"A administração pública direta e indireta de qualquer dos Poderes da União, 
dos Estados, do Distrito Federal e dos Municípios obedecerá aos princípios de lega -
lidade, impessoalidade, moralidade, publicidade e eficiência e, também, ao seguinte: 
(EC n o 18/98, EC n o 19/98, EC n o 20/98, EC n o 34/2001, EC n o 41/2003, EC n o 42/2003 
e EC n o 47/2005)
I – os cargos, empregos e funções públicas são acessíveis aos brasileiros que pre-
encham os requisitos estabelecidos em lei, assim como aos estrangeiros, na forma da lei;
Constituição da República Federativa do Brasil
36

II – a investidura em cargo ou emprego público depende de aprovação prévia em 
concurso público de provas ou de provas e títulos, de acordo com a natureza e a com-
plexidade do cargo ou emprego, na forma prevista em lei, ressalvadas as nomeações para 
cargo em comissão declarado em lei de livre nomeação e exoneração;
III – o prazo de validade do concurso público será de até dois anos, prorrogável 
uma vez, por igual período;
IV – durante o prazo improrrogável previsto no edital de convocação, aquele 
aprovado em concurso público de provas ou de provas e títulos será convocado com 
prioridade sobre novos concursados para assumir cargo ou emprego, na carreira;
V – as funções de confiança, exercidas exclusivamente por servidores ocupantes 
de cargo efetivo, e os cargos em comissão, a serem preenchidos por servidores de car -
reira nos casos, condições e percentuais mínimos previstos em lei, destinam-se apenas 
às atribuições de direção, chefia e assessoramento;
VI – é garantido ao servidor público civil o direito à livre associação sindical;
VII – o direito de greve será exercido nos termos e nos limites definidos em lei 
específica;
VIII – a lei reservará percentual dos cargos e empregos públicos para as pessoas 
portadoras de deficiência e definirá os critérios de sua admissão;
IX – a lei estabelecerá os casos de contratação por tempo determinado para atender 
a necessidade temporária de excepcional interesse público;
X – a remuneração dos servidores públicos e o subsídio de que trata o § 4o do art"
Art. 37,Quais são os principais pontos/incisos do Art. 37?,Consulte o texto para detalhes sobre a lista de competências ou direitos específicos deste artigo.
Art. 37,Qual a importância estratégica do Art. 37 para a organização do Estado?,Este artigo detalha normas complexas de organização ou competência essenciais para o funcionamento institucional.
Art. 38,Sobre o que dispõe o Art. 38 da CF/88?,"Ao servidor público da administração direta, autárquica e fundacional, no 
exercício de mandato eletivo, aplicam-se as seguintes disposições: (EC no 19/98)
I – tratando-se de mandato eletivo federal, estadual ou distrital, ficará afastado de 
seu cargo, emprego ou função;
II – investido no mandato de Prefeito, será afastado do cargo, emprego ou função, 
sendo-lhe facultado optar pela sua remuneração;
III – investido no mandato de Vereador, havendo compatibilidade de horários, 
perceberá as vantagens de seu cargo, emprego ou função, sem prejuízo da remuneração do 
cargo eletivo, e, não havendo compatibilidade, será aplicada a norma do inciso anterior;
IV – em qualquer caso que exija o afastamento para o exercício de mandato eletivo, 
seu tempo de serviço será contado para todos os efeitos legais, exceto para promoção 
por merecimento;
V – para efeito de benefício previdenciário, no caso de afastamento, os valores 
serão determinados como se no exercício estivesse"
Art. 38,"Complete a ideia do Art. 38: Ao servidor público da administração direta, autár...","Ao servidor público da administração direta, autárquica e fundacional, no 
exercício de mandato eletivo, aplicam-se as seguintes disposições: (EC no 19/98)
I – tratando-se de mandato eletivo federal, ..."
Art. 38,Qual a importância estratégica do Art. 38 para a organização do Estado?,Este artigo detalha normas complexas de organização ou competência essenciais para o funcionamento institucional.
Art. 39,Sobre o que dispõe o Art. 39 da CF/88?,"A União, os Estados, o Distrito Federal e os Municípios instituirão conselho 
de política de administração e remuneração de pessoal, integrado por servidores desig-
nados pelos respectivos Poderes"
Art. 39,"Complete a ideia do Art. 39: A União, os Estados, o Distrito Federal e os Munic...","A União, os Estados, o Distrito Federal e os Municípios instituirão conselho 
de política de administração e remuneração de pessoal, integrado por servidores desig-
nados pelos respectivos Poderes.
3
..."
Art. 39,Qual a importância estratégica do Art. 39 para a organização do Estado?,Este artigo detalha normas complexas de organização ou competência essenciais para o funcionamento institucional.
Art. 40,Sobre o que dispõe o Art. 40 da CF/88?,"Aos servidores titulares de cargos efetivos da União, dos Estados, do Distrito 
Federal e dos Municípios, incluídas suas autarquias e fundações, é assegurado regime 
de previdência de caráter contributivo e solidário, mediante contribuição do respectivo 
ente público, dos servidores ativos e inativos e dos pensionistas, observados critérios 
que preservem o equilíbrio financeiro e atuarial e o disposto neste artigo"
Art. 40,Complete a ideia do Art. 40: Aos servidores titulares de cargos efetivos da Uni...,"Aos servidores titulares de cargos efetivos da União, dos Estados, do Distrito 
Federal e dos Municípios, incluídas suas autarquias e fundações, é assegurado regime 
de previdência de caráter contribu..."
Art. 40,Qual a importância estratégica do Art. 40 para a organização do Estado?,Este artigo detalha normas complexas de organização ou competência essenciais para o funcionamento institucional.
Art. 41,Sobre o que dispõe o Art. 41 da CF/88?,"São estáveis após três anos de efetivo exercício os servidores nomeados para 
cargo de provimento efetivo em virtude de concurso público"
Art. 41,Complete a ideia do Art. 41: São estáveis após três anos de efetivo exercício o...,"São estáveis após três anos de efetivo exercício os servidores nomeados para 
cargo de provimento efetivo em virtude de concurso público. (EC no 19/98)
§ 1o O servidor público estável só perderá o car..."
Art. 41,Qual a importância estratégica do Art. 41 para a organização do Estado?,Este artigo detalha normas complexas de organização ou competência essenciais para o funcionamento institucional.
Art. 42,Sobre o que dispõe o Art. 42 da CF/88?,"Os membros das Polícias Militares e Corpos de Bombeiros Militares, insti-
tuições organizadas com base na hierarquia e disciplina, são militares dos Estados, do 
Distrito Federal e dos Territórios"
Art. 42,Complete a ideia do Art. 42: Os membros das Polícias Militares e Corpos de Bomb...,"Os membros das Polícias Militares e Corpos de Bombeiros Militares, insti-
tuições organizadas com base na hierarquia e disciplina, são militares dos Estados, do 
Distrito Federal e dos Territórios. (E..."
Art. 43,Sobre o que dispõe o Art. 43 da CF/88?,"Para efeitos administrativos, a União poderá articular sua ação em um mes-
mo complexo geoeconômico e social, visando a seu desenvolvimento e à redução das 
desigualdades regionais"
Art. 43,"Complete a ideia do Art. 43: Para efeitos administrativos, a União poderá artic...","Para efeitos administrativos, a União poderá articular sua ação em um mes-
mo complexo geoeconômico e social, visando a seu desenvolvimento e à redução das 
desigualdades regionais.
§ 1o Lei complemen..."
Art. 43,Qual a importância estratégica do Art. 43 para a organização do Estado?,Este artigo detalha normas complexas de organização ou competência essenciais para o funcionamento institucional.
Art. 44,Sobre o que dispõe o Art. 44 da CF/88?,"O Poder Legislativo é exercido pelo Congresso Nacional, que se compõe da 
Câmara dos Deputados e do Senado Federal"
Art. 44,Complete a ideia do Art. 44: O Poder Legislativo é exercido pelo Congresso Naci...,"O Poder Legislativo é exercido pelo Congresso Nacional, que se compõe da 
Câmara dos Deputados e do Senado Federal.
Parágrafo único. Cada legislatura terá a duração de quatro anos."
Art. 45,Sobre o que dispõe o Art. 45 da CF/88?,"A Câmara dos Deputados compõe-se de representantes do povo, eleitos, 
pelo sistema proporcional, em cada Estado, em cada Território e no Distrito Federal"
Art. 45,Complete a ideia do Art. 45: A Câmara dos Deputados compõe-se de representantes...,"A Câmara dos Deputados compõe-se de representantes do povo, eleitos, 
pelo sistema proporcional, em cada Estado, em cada Território e no Distrito Federal.
§ 1o O número total de Deputados, bem como a ..."
Art. 46,Sobre o que dispõe o Art. 46 da CF/88?,"O Senado Federal compõe-se de representantes dos Estados e do Distrito 
Federal, eleitos segundo o princípio majoritário"
Art. 46,Complete a ideia do Art. 46: O Senado Federal compõe-se de representantes dos E...,"O Senado Federal compõe-se de representantes dos Estados e do Distrito 
Federal, eleitos segundo o princípio majoritário.
§ 1o Cada Estado e o Distrito Federal elegerão três Senadores, com mandato de ..."
Art. 47,Sobre o que dispõe o Art. 47 da CF/88?,"Salvo disposição constitucional em contrário, as deliberações de cada Casa 
e de suas Comissões serão tomadas por maioria dos votos, presente a maioria absoluta 
de seus membros"
Art. 47,"Complete a ideia do Art. 47: Salvo disposição constitucional em contrário, as d...","Salvo disposição constitucional em contrário, as deliberações de cada Casa 
e de suas Comissões serão tomadas por maioria dos votos, presente a maioria absoluta 
de seus membros.
SEÇÃO II –  
Das Atri..."
Art. 48,Sobre o que dispõe o Art. 48 da CF/88?,"Cabe ao Congresso Nacional, com a sanção do Presidente da República, não 
exigida esta para o especificado nos arts"
Art. 48,"Complete a ideia do Art. 48: Cabe ao Congresso Nacional, com a sanção do Presid...","Cabe ao Congresso Nacional, com a sanção do Presidente da República, não 
exigida esta para o especificado nos arts. 49, 51 e 52, dispor sobre todas as matérias de 
competência da União, especialmente..."
Art. 48,Qual a importância estratégica do Art. 48 para a organização do Estado?,Este artigo detalha normas complexas de organização ou competência essenciais para o funcionamento institucional.
Art. 49,Sobre o que dispõe o Art. 49 da CF/88?,"É da competência exclusiva do Congresso Nacional: (EC n o 19/98)
I – resolver definitivamente sobre tratados, acordos ou atos internacionais que 
acarretem encargos ou compromissos gravosos ao patrimônio nacional;
II – autorizar o Presidente da República a declarar guerra, a celebrar a paz, a per-
mitir que forças estrangeiras transitem pelo território nacional ou nele permaneçam 
temporariamente, ressalvados os casos previstos em lei complementar;
III – autorizar o Presidente e o Vice-Presidente da República a se ausentarem do 
País, quando a ausência exceder a quinze dias;
IV – aprovar o estado de defesa e a intervenção federal, autorizar o estado de sítio, 
ou suspender qualquer uma dessas medidas;
V – sustar os atos normativos do Poder Executivo que exorbitem do poder regu-
lamentar ou dos limites de delegação legislativa;
VI – mudar temporariamente sua sede;
VII – fixar idêntico subsídio para os Deputados Federais e os Senadores, observado 
o que dispõem os arts"
Art. 49,Complete a ideia do Art. 49: É da competência exclusiva do Congresso Nacional: ...,"É da competência exclusiva do Congresso Nacional: (EC n o 19/98)
I – resolver definitivamente sobre tratados, acordos ou atos internacionais que 
acarretem encargos ou compromissos gravosos ao patrimô..."
Art. 49,Qual a importância estratégica do Art. 49 para a organização do Estado?,Este artigo detalha normas complexas de organização ou competência essenciais para o funcionamento institucional.
Art. 50,Sobre o que dispõe o Art. 50 da CF/88?,"A Câmara dos Deputados e o Senado Federal, ou qualquer de suas Comis -
sões, poderão convocar Ministro de Estado ou quaisquer titulares de órgãos diretamente 
subordinados à Presidência da República para prestarem, pessoalmente, informações 
sobre assunto previamente determinado, importando em crime de responsabilidade a 
ausência sem justificação adequada"
Art. 50,"Complete a ideia do Art. 50: A Câmara dos Deputados e o Senado Federal, ou qual...","A Câmara dos Deputados e o Senado Federal, ou qualquer de suas Comis -
sões, poderão convocar Ministro de Estado ou quaisquer titulares de órgãos diretamente 
subordinados à Presidência da República p..."
Art. 51,Sobre o que dispõe o Art. 51 da CF/88?,"Compete privativamente à Câmara dos Deputados: (EC n o 19/98)
I – autorizar, por dois terços de seus membros, a instauração de processo contra 
o Presidente e o Vice-Presidente da República e os Ministros de Estado;
II – proceder à tomada de contas do Presidente da República, quando não apresen-
tadas ao Congresso Nacional dentro de sessenta dias após a abertura da sessão legislativa;
III – elaborar seu regimento interno;
IV – dispor sobre sua organização, funcionamento, polícia, criação, transformação 
ou extinção dos cargos, empregos e funções de seus serviços, e a iniciativa de lei para 
fixação da respectiva remuneração, observados os parâmetros estabelecidos na lei de 
diretrizes orçamentárias;
V – eleger membros do Conselho da República, nos termos do art"
Art. 51,Complete a ideia do Art. 51: Compete privativamente à Câmara dos Deputados: (EC...,"Compete privativamente à Câmara dos Deputados: (EC n o 19/98)
I – autorizar, por dois terços de seus membros, a instauração de processo contra 
o Presidente e o Vice-Presidente da República e os Minis..."
Art. 52,Sobre o que dispõe o Art. 52 da CF/88?,"Compete privativamente ao Senado Federal: (EC  n o  19/98, EC  n o  23/99, 
EC n o 42/2003 e EC n o 45/2004)
I – processar e julgar o Presidente e o Vice-Presidente da República nos crimes de 
responsabilidade, bem como os Ministros de Estado e os Comandantes da Marinha, do 
Exército e da Aeronáutica nos crimes da mesma natureza conexos com aqueles;
II – processar e julgar os Ministros do Supremo Tribunal Federal, os membros do 
Conselho Nacional de Justiça e do Conselho Nacional do Ministério Público, o Procura-
dor-Geral da República e o Advogado-Geral da União nos crimes de responsabilidade;
III – aprovar previamente, por voto secreto, após argüição pública, a escolha de:
47Da Organização dos Poderes

a) magistrados, nos casos estabelecidos nesta Constituição;
b) Ministros do Tribunal de Contas da União indicados pelo Presidente da 
República;
c) Governador de Território;
d) presidente e diretores do banco central;
e) Procurador-Geral da República;
f) titulares de outros cargos que a lei determinar;
IV – aprovar previamente, por voto secreto, após argüição em sessão secreta, a 
escolha dos chefes de missão diplomática de caráter permanente;
V – autorizar operações externas de natureza financeira, de interesse da União, 
dos Estados, do Distrito Federal, dos Territórios e dos Municípios;
VI – fixar, por proposta do Presidente da República, limites globais para o mon-
tante da dívida consolidada da União, dos Estados, do Distrito Federal e dos Municípios;
VII – dispor sobre limites globais e condições para as operações de crédito externo 
e interno da União, dos Estados, do Distrito Federal e dos Municípios, de suas autarquias 
e demais entidades controladas pelo Poder Público federal;
VIII – dispor sobre limites e condições para a concessão de garantia da União em 
operações de crédito externo e interno;
IX – estabelecer limites globais e condições para o montante da dívida mobiliária 
dos Estados, do Distrito Federal e dos Municípios;
X – suspender a execução, no todo ou em parte, de lei declarada inconstitucional 
por decisão definitiva do Supremo Tribunal Federal;
XI – aprovar, por maioria absoluta e por voto secreto, a exoneração, de ofício, do 
Procurador-Geral da República antes do término de seu mandato;
XII – elaborar seu regimento interno;
XIII – dispor sobre sua organização, funcionamento, polícia, criação, transfor -
mação ou extinção dos cargos, empregos e funções de seus serviços, e a iniciativa de lei 
para a fixação da respectiva remuneração, observados os parâmetros estabelecidos na 
lei de diretrizes orçamentárias;
XIV – eleger membros do Conselho da República, nos termos do art"
Art. 52,Quais são os principais pontos/incisos do Art. 52?,Consulte o texto para detalhes sobre a lista de competências ou direitos específicos deste artigo.
Art. 52,Qual a importância estratégica do Art. 52 para a organização do Estado?,Este artigo detalha normas complexas de organização ou competência essenciais para o funcionamento institucional.
Art. 53,Sobre o que dispõe o Art. 53 da CF/88?,"Os Deputados e Senadores são invioláveis, civil e penalmente, por quaisquer 
de suas opiniões, palavras e votos"
Art. 53,"Complete a ideia do Art. 53: Os Deputados e Senadores são invioláveis, civil e ...","Os Deputados e Senadores são invioláveis, civil e penalmente, por quaisquer 
de suas opiniões, palavras e votos. (EC n o 35/2001)
§ 1o Os Deputados e Senadores, desde a expedição do diploma, serão sub..."
Art. 53,Qual a importância estratégica do Art. 53 para a organização do Estado?,Este artigo detalha normas complexas de organização ou competência essenciais para o funcionamento institucional.
Art. 54,Sobre o que dispõe o Art. 54 da CF/88?,"Os Deputados e Senadores não poderão:
I – desde a expedição do diploma:
a) firmar ou manter contrato com pessoa jurídica de direito público, autarquia, 
empresa pública, sociedade de economia mista ou empresa concessionária de 
serviço público, salvo quando o contrato obedecer a cláusulas uniformes;
b) aceitar ou exercer cargo, função ou emprego remunerado, inclusive os de que 
sejam demissíveis ad nutum, nas entidades constantes da alínea anterior;
II – desde a posse:
a) ser proprietários, controladores ou diretores de empresa que goze de favor 
decorrente de contrato com pessoa jurídica de direito público, ou nela exercer 
função remunerada;
b) ocupar cargo ou função de que sejam demissíveis ad nutum, nas entidades 
referidas no inciso I, “a”;
c) patrocinar causa em que seja interessada qualquer das entidades a que se refere 
o inciso I, “a”;
d) ser titulares de mais de um cargo ou mandato público eletivo"
Art. 54,"Complete a ideia do Art. 54: Os Deputados e Senadores não poderão:
I – desde a ...","Os Deputados e Senadores não poderão:
I – desde a expedição do diploma:
a) firmar ou manter contrato com pessoa jurídica de direito público, autarquia, 
empresa pública, sociedade de economia mista ou..."
Art. 55,Sobre o que dispõe o Art. 55 da CF/88?,"Perderá o mandato o Deputado ou Senador: (ECR no 6/94 e EC n o 76/2013)
I – que infringir qualquer das proibições estabelecidas no artigo anterior;
II – cujo procedimento for declarado incompatível com o decoro parlamentar;
III – que deixar de comparecer, em cada sessão legislativa, à terça parte das sessões 
ordinárias da Casa a que pertencer, salvo licença ou missão por esta autorizada;
IV – que perder ou tiver suspensos os direitos políticos;
V – quando o decretar a Justiça Eleitoral, nos casos previstos nesta Constituição;
49Da Organização dos Poderes

VI – que sofrer condenação criminal em sentença transitada em julgado"
Art. 55,Quais são os principais pontos/incisos do Art. 55?,Consulte o texto para detalhes sobre a lista de competências ou direitos específicos deste artigo.
Art. 55,Qual a importância estratégica do Art. 55 para a organização do Estado?,Este artigo detalha normas complexas de organização ou competência essenciais para o funcionamento institucional.
Art. 56,Sobre o que dispõe o Art. 56 da CF/88?,"Não perderá o mandato o Deputado ou Senador:
I – investido no cargo de Ministro de Estado, Governador de Território, Secretário 
de Estado, do Distrito Federal, de Território, de Prefeitura de Capital ou chefe de missão 
diplomática temporária;
II – licenciado pela respectiva Casa por motivo de doença, ou para tratar, sem 
remuneração, de interesse particular, desde que, neste caso, o afastamento não ultrapasse 
cento e vinte dias por sessão legislativa"
Art. 56,"Complete a ideia do Art. 56: Não perderá o mandato o Deputado ou Senador:
I – i...","Não perderá o mandato o Deputado ou Senador:
I – investido no cargo de Ministro de Estado, Governador de Território, Secretário 
de Estado, do Distrito Federal, de Território, de Prefeitura de Capital..."
Art. 57,Sobre o que dispõe o Art. 57 da CF/88?,"O Congresso Nacional reunir-se-á, anualmente, na Capital Federal, de 2 de 
fevereiro a 17 de julho e de 1o de agosto a 22 de dezembro"
Art. 57,"Complete a ideia do Art. 57: O Congresso Nacional reunir-se-á, anualmente, na C...","O Congresso Nacional reunir-se-á, anualmente, na Capital Federal, de 2 de 
fevereiro a 17 de julho e de 1o de agosto a 22 de dezembro. (EC no 19/98, EC n o 32/2001 
e EC n o 50/2006)
§ 1o As reuniões ..."
Art. 57,Qual a importância estratégica do Art. 57 para a organização do Estado?,Este artigo detalha normas complexas de organização ou competência essenciais para o funcionamento institucional.
Art. 58,Sobre o que dispõe o Art. 58 da CF/88?,"O Congresso Nacional e suas Casas terão comissões permanentes e tempo-
rárias, constituídas na forma e com as atribuições previstas no respectivo regimento ou 
no ato de que resultar sua criação"
Art. 58,Complete a ideia do Art. 58: O Congresso Nacional e suas Casas terão comissões ...,"O Congresso Nacional e suas Casas terão comissões permanentes e tempo-
rárias, constituídas na forma e com as atribuições previstas no respectivo regimento ou 
no ato de que resultar sua criação.
§ 1o..."
Art. 58,Qual a importância estratégica do Art. 58 para a organização do Estado?,Este artigo detalha normas complexas de organização ou competência essenciais para o funcionamento institucional.
Art. 59,Sobre o que dispõe o Art. 59 da CF/88?,"O processo legislativo compreende a elaboração de:
I – emendas à Constituição;
II – leis complementares;
III – leis ordinárias;
IV – leis delegadas;
V – medidas provisórias;
VI – decretos legislativos;
VII – resoluções"
Art. 59,Complete a ideia do Art. 59: O processo legislativo compreende a elaboração de:...,"O processo legislativo compreende a elaboração de:
I – emendas à Constituição;
II – leis complementares;
III – leis ordinárias;
IV – leis delegadas;
V – medidas provisórias;
VI – decretos legislativos..."
Art. 60,Sobre o que dispõe o Art. 60 da CF/88?,"A Constituição poderá ser emendada mediante proposta:
I – de um terço, no mínimo, dos membros da Câmara dos Deputados ou do Se-
nado Federal;
II – do Presidente da República;
III – de mais da metade das Assembléias Legislativas das unidades da Federação, 
manifestando-se, cada uma delas, pela maioria relativa de seus membros"
Art. 60,Complete a ideia do Art. 60: A Constituição poderá ser emendada mediante propos...,"A Constituição poderá ser emendada mediante proposta:
I – de um terço, no mínimo, dos membros da Câmara dos Deputados ou do Se-
nado Federal;
II – do Presidente da República;
III – de mais da metade d..."
Art. 60,Qual a importância estratégica do Art. 60 para a organização do Estado?,Este artigo detalha normas complexas de organização ou competência essenciais para o funcionamento institucional.
Art. 61,Sobre o que dispõe o Art. 61 da CF/88?,"A iniciativa das leis complementares e ordinárias cabe a qualquer membro 
ou Comissão da Câmara dos Deputados, do Senado Federal ou do Congresso Nacional, 
ao Presidente da República, ao Supremo Tribunal Federal, aos Tribunais Superiores, ao 
Procurador-Geral da República e aos cidadãos, na forma e nos casos previstos nesta 
Constituição"
Art. 61,Complete a ideia do Art. 61: A iniciativa das leis complementares e ordinárias ...,"A iniciativa das leis complementares e ordinárias cabe a qualquer membro 
ou Comissão da Câmara dos Deputados, do Senado Federal ou do Congresso Nacional, 
ao Presidente da República, ao Supremo Tribu..."
Art. 61,Qual a importância estratégica do Art. 61 para a organização do Estado?,Este artigo detalha normas complexas de organização ou competência essenciais para o funcionamento institucional.
Art. 62,Sobre o que dispõe o Art. 62 da CF/88?,"Em caso de relevância e urgência, o Presidente da República poderá adotar 
medidas provisórias, com força de lei, devendo submetê-las de imediato ao Congresso 
Nacional"
Art. 62,"Complete a ideia do Art. 62: Em caso de relevância e urgência, o Presidente da ...","Em caso de relevância e urgência, o Presidente da República poderá adotar 
medidas provisórias, com força de lei, devendo submetê-las de imediato ao Congresso 
Nacional. (EC n o 32/2001)
§ 1o É vedada..."
Art. 62,Qual a importância estratégica do Art. 62 para a organização do Estado?,Este artigo detalha normas complexas de organização ou competência essenciais para o funcionamento institucional.
Art. 63,Sobre o que dispõe o Art. 63 da CF/88?,"Não será admitido aumento da despesa prevista:
I – nos projetos de iniciativa exclusiva do Presidente da República, ressalvado o 
disposto no art"
Art. 63,"Complete a ideia do Art. 63: Não será admitido aumento da despesa prevista:
I –...","Não será admitido aumento da despesa prevista:
I – nos projetos de iniciativa exclusiva do Presidente da República, ressalvado o 
disposto no art. 166, §§ 3 o e 4o;
II – nos projetos sobre organização..."
Art. 64,Sobre o que dispõe o Art. 64 da CF/88?,"A discussão e votação dos projetos de lei de iniciativa do Presidente da Repú-
blica, do Supremo Tribunal Federal e dos Tribunais Superiores terão início na Câmara 
dos Deputados"
Art. 64,Complete a ideia do Art. 64: A discussão e votação dos projetos de lei de inici...,"A discussão e votação dos projetos de lei de iniciativa do Presidente da Repú-
blica, do Supremo Tribunal Federal e dos Tribunais Superiores terão início na Câmara 
dos Deputados. (EC n o 32/2001)
§ 1..."
Art. 65,Sobre o que dispõe o Art. 65 da CF/88?,"O projeto de lei aprovado por uma Casa será revisto pela outra, em um só 
turno de discussão e votação, e enviado à sanção ou promulgação, se a Casa revisora o 
aprovar, ou arquivado, se o rejeitar"
Art. 65,Complete a ideia do Art. 65: O projeto de lei aprovado por uma Casa será revist...,"O projeto de lei aprovado por uma Casa será revisto pela outra, em um só 
turno de discussão e votação, e enviado à sanção ou promulgação, se a Casa revisora o 
aprovar, ou arquivado, se o rejeitar.
P..."
Art. 66,Sobre o que dispõe o Art. 66 da CF/88?,"A Casa na qual tenha sido concluída a votação enviará o projeto de lei ao 
Presidente da República, que, aquiescendo, o sancionará"
Art. 66,Complete a ideia do Art. 66: A Casa na qual tenha sido concluída a votação envi...,"A Casa na qual tenha sido concluída a votação enviará o projeto de lei ao 
Presidente da República, que, aquiescendo, o sancionará. (EC no 32/2001 e EC no 76/2013)
§ 1o Se o Presidente da República co..."
Art. 66,Qual a importância estratégica do Art. 66 para a organização do Estado?,Este artigo detalha normas complexas de organização ou competência essenciais para o funcionamento institucional.
Art. 67,Sobre o que dispõe o Art. 67 da CF/88?,"A matéria constante de projeto de lei rejeitado somente poderá constituir 
objeto de novo projeto, na mesma sessão legislativa, mediante proposta da maioria 
absoluta dos membros de qualquer das Casas do Congresso Nacional"
Art. 67,Complete a ideia do Art. 67: A matéria constante de projeto de lei rejeitado so...,"A matéria constante de projeto de lei rejeitado somente poderá constituir 
objeto de novo projeto, na mesma sessão legislativa, mediante proposta da maioria 
absoluta dos membros de qualquer das Casas..."
Art. 68,Sobre o que dispõe o Art. 68 da CF/88?,"As leis delegadas serão elaboradas pelo Presidente da República, que deverá 
solicitar a delegação ao Congresso Nacional"
Art. 68,Complete a ideia do Art. 68: As leis delegadas serão elaboradas pelo Presidente...,"As leis delegadas serão elaboradas pelo Presidente da República, que deverá 
solicitar a delegação ao Congresso Nacional.
§ 1o Não serão objeto de delegação os atos de competência exclusiva do Congres..."
Art. 69,Sobre o que dispõe o Art. 69 da CF/88?,As leis complementares serão aprovadas por maioria absoluta
Art. 69,Complete a ideia do Art. 69: As leis complementares serão aprovadas por maioria...,"As leis complementares serão aprovadas por maioria absoluta.
SEÇÃO IX –  
Da Fiscalização Contábil, Financeira e Orçamentária"
Art. 70,Sobre o que dispõe o Art. 70 da CF/88?,"A fiscalização contábil, financeira, orçamentária, operacional e patrimonial 
da União e das entidades da administração direta e indireta, quanto à legalidade, legiti-
midade, economicidade, aplicação das subvenções e renúncia de receitas, será exercida 
pelo Congresso Nacional, mediante controle externo, e pelo sistema de controle interno 
de cada Poder"
Art. 70,"Complete a ideia do Art. 70: A fiscalização contábil, financeira, orçamentária,...","A fiscalização contábil, financeira, orçamentária, operacional e patrimonial 
da União e das entidades da administração direta e indireta, quanto à legalidade, legiti-
midade, economicidade, aplicação..."
Art. 71,Sobre o que dispõe o Art. 71 da CF/88?,"O controle externo, a cargo do Congresso Nacional, será exercido com o 
auxílio do Tribunal de Contas da União, ao qual compete:
I – apreciar as contas prestadas anualmente pelo Presidente da República, mediante 
parecer prévio que deverá ser elaborado em sessenta dias a contar de seu recebimento;
II – julgar as contas dos administradores e demais responsáveis por dinheiros, bens 
e valores públicos da administração direta e indireta, incluídas as fundações e sociedades 
instituídas e mantidas pelo Poder Público federal, e as contas daqueles que derem causa 
a perda, extravio ou outra irregularidade de que resulte prejuízo ao erário público;
III – apreciar, para fins de registro, a legalidade dos atos de admissão de pessoal, 
a qualquer título, na administração direta e indireta, incluídas as fundações instituídas 
e mantidas pelo Poder Público, excetuadas as nomeações para cargo de provimento em 
comissão, bem como a das concessões de aposentadorias, reformas e pensões, ressal -
vadas as melhorias posteriores que não alterem o fundamento legal do ato concessório;
IV – realizar, por iniciativa própria, da Câmara dos Deputados, do Senado Fede-
ral, de Comissão técnica ou de inquérito, inspeções e auditorias de natureza contábil, 
financeira, orçamentária, operacional e patrimonial, nas unidades administrativas dos 
Poderes Legislativo, Executivo e Judiciário, e demais entidades referidas no inciso II;
V – fiscalizar as contas nacionais das empresas supranacionais de cujo capital 
social a União participe, de forma direta ou indireta, nos termos do tratado constitutivo;
VI – fiscalizar a aplicação de quaisquer recursos repassados pela União mediante 
convênio, acordo, ajuste ou outros instrumentos congêneres, a Estado, ao Distrito Fe-
deral ou a Município;
VII – prestar as informações solicitadas pelo Congresso Nacional, por qualquer 
de suas Casas, ou por qualquer das respectivas Comissões, sobre a fiscalização contábil, 
financeira, orçamentária, operacional e patrimonial e sobre resultados de auditorias e 
inspeções realizadas;
VIII – aplicar aos responsáveis, em caso de ilegalidade de despesa ou irregularidade 
de contas, as sanções previstas em lei, que estabelecerá, entre outras cominações, multa 
proporcional ao dano causado ao erário;
IX – assinar prazo para que o órgão ou entidade adote as providências necessárias 
ao exato cumprimento da lei, se verificada ilegalidade;
Constituição da República Federativa do Brasil
56

X – sustar, se não atendido, a execução do ato impugnado, comunicando a decisão 
à Câmara dos Deputados e ao Senado Federal;
XI – representar ao Poder competente sobre irregularidades ou abusos apurados"
Art. 71,"Complete a ideia do Art. 71: O controle externo, a cargo do Congresso Nacional,...","O controle externo, a cargo do Congresso Nacional, será exercido com o 
auxílio do Tribunal de Contas da União, ao qual compete:
I – apreciar as contas prestadas anualmente pelo Presidente da Repúblic..."
Art. 71,Qual a importância estratégica do Art. 71 para a organização do Estado?,Este artigo detalha normas complexas de organização ou competência essenciais para o funcionamento institucional.
Art. 72,Sobre o que dispõe o Art. 72 da CF/88?,A Comissão mista permanente a que se refere o art
Art. 72,Complete a ideia do Art. 72: A Comissão mista permanente a que se refere o art...,"A Comissão mista permanente a que se refere o art. 166, § 1o, diante de indícios 
de despesas não autorizadas, ainda que sob a forma de investimentos não programados 
ou de subsídios não aprovados, po..."
Art. 73,Sobre o que dispõe o Art. 73 da CF/88?,"O Tribunal de Contas da União, integrado por nove Ministros, tem sede no 
Distrito Federal, quadro próprio de pessoal e jurisdição em todo o território nacional, 
exercendo, no que couber, as atribuições previstas no art"
Art. 73,"Complete a ideia do Art. 73: O Tribunal de Contas da União, integrado por nove ...","O Tribunal de Contas da União, integrado por nove Ministros, tem sede no 
Distrito Federal, quadro próprio de pessoal e jurisdição em todo o território nacional, 
exercendo, no que couber, as atribuiç..."
Art. 73,Qual a importância estratégica do Art. 73 para a organização do Estado?,Este artigo detalha normas complexas de organização ou competência essenciais para o funcionamento institucional.
Art. 74,Sobre o que dispõe o Art. 74 da CF/88?,"Os Poderes Legislativo, Executivo e Judiciário manterão, de forma integrada, 
sistema de controle interno com a finalidade de:
I – avaliar o cumprimento das metas previstas no plano plurianual, a execução 
dos programas de governo e dos orçamentos da União;
II – comprovar a legalidade e avaliar os resultados, quanto à eficácia e eficiência, da 
gestão orçamentária, financeira e patrimonial nos órgãos e entidades da administração 
federal, bem como da aplicação de recursos públicos por entidades de direito privado;
III – exercer o controle das operações de crédito, avais e garantias, bem como dos 
direitos e haveres da União;
IV – apoiar o controle externo no exercício de sua missão institucional"
Art. 74,"Complete a ideia do Art. 74: Os Poderes Legislativo, Executivo e Judiciário man...","Os Poderes Legislativo, Executivo e Judiciário manterão, de forma integrada, 
sistema de controle interno com a finalidade de:
I – avaliar o cumprimento das metas previstas no plano plurianual, a exec..."
Art. 74,Qual a importância estratégica do Art. 74 para a organização do Estado?,Este artigo detalha normas complexas de organização ou competência essenciais para o funcionamento institucional.
Art. 75,Sobre o que dispõe o Art. 75 da CF/88?,"As normas estabelecidas nesta seção aplicam-se, no que couber, à organização, 
composição e fiscalização dos Tribunais de Contas dos Estados e do Distrito Federal, 
bem como dos Tribunais e Conselhos de Contas dos Municípios"
Art. 75,"Complete a ideia do Art. 75: As normas estabelecidas nesta seção aplicam-se, no...","As normas estabelecidas nesta seção aplicam-se, no que couber, à organização, 
composição e fiscalização dos Tribunais de Contas dos Estados e do Distrito Federal, 
bem como dos Tribunais e Conselhos ..."
Art. 76,Sobre o que dispõe o Art. 76 da CF/88?,"O Poder Executivo é exercido pelo Presidente da República, auxiliado pelos 
Ministros de Estado"
Art. 76,Complete a ideia do Art. 76: O Poder Executivo é exercido pelo Presidente da Re...,"O Poder Executivo é exercido pelo Presidente da República, auxiliado pelos 
Ministros de Estado."
Art. 77,Sobre o que dispõe o Art. 77 da CF/88?,"A eleição do Presidente e do Vice-Presidente da República realizar-se-á, 
simultaneamente, no primeiro domingo de outubro, em primeiro turno, e no último 
domingo de outubro, em segundo turno, se houver, do ano anterior ao do término do 
mandato presidencial vigente"
Art. 77,Complete a ideia do Art. 77: A eleição do Presidente e do Vice-Presidente da Re...,"A eleição do Presidente e do Vice-Presidente da República realizar-se-á, 
simultaneamente, no primeiro domingo de outubro, em primeiro turno, e no último 
domingo de outubro, em segundo turno, se houv..."
Art. 77,Qual a importância estratégica do Art. 77 para a organização do Estado?,Este artigo detalha normas complexas de organização ou competência essenciais para o funcionamento institucional.
Art. 78,Sobre o que dispõe o Art. 78 da CF/88?,"O Presidente e o Vice-Presidente da República tomarão posse em sessão do 
Congresso Nacional, prestando o compromisso de manter, defender e cumprir a Cons-
tituição, observar as leis, promover o bem geral do povo brasileiro, sustentar a união, a 
integridade e a independência do Brasil"
Art. 78,Complete a ideia do Art. 78: O Presidente e o Vice-Presidente da República toma...,"O Presidente e o Vice-Presidente da República tomarão posse em sessão do 
Congresso Nacional, prestando o compromisso de manter, defender e cumprir a Cons-
tituição, observar as leis, promover o bem g..."
Art. 79,Sobre o que dispõe o Art. 79 da CF/88?,"Substituirá o Presidente, no caso de impedimento, e suceder-lhe-á, no de 
vaga, o Vice-Presidente"
Art. 79,"Complete a ideia do Art. 79: Substituirá o Presidente, no caso de impedimento, ...","Substituirá o Presidente, no caso de impedimento, e suceder-lhe-á, no de 
vaga, o Vice-Presidente.
Parágrafo único. O Vice-Presidente da República, além de outras atribuições que 
lhe forem conferidas..."
Art. 80,Sobre o que dispõe o Art. 80 da CF/88?,"Em caso de impedimento do Presidente e do Vice-Presidente, ou vacância 
dos respectivos cargos, serão sucessivamente chamados ao exercício da Presidência o 
Presidente da Câmara dos Deputados, o do Senado Federal e o do Supremo Tribunal 
Federal"
Art. 80,Complete a ideia do Art. 80: Em caso de impedimento do Presidente e do Vice-Pre...,"Em caso de impedimento do Presidente e do Vice-Presidente, ou vacância 
dos respectivos cargos, serão sucessivamente chamados ao exercício da Presidência o 
Presidente da Câmara dos Deputados, o do Se..."
Art. 81,Sobre o que dispõe o Art. 81 da CF/88?,"Vagando os cargos de Presidente e Vice-Presidente da República, far-se-á 
eleição noventa dias depois de aberta a última vaga"
Art. 81,Complete a ideia do Art. 81: Vagando os cargos de Presidente e Vice-Presidente ...,"Vagando os cargos de Presidente e Vice-Presidente da República, far-se-á 
eleição noventa dias depois de aberta a última vaga.
§ 1o Ocorrendo a vacância nos últimos dois anos do período presidencial, ..."
Art. 82,Sobre o que dispõe o Art. 82 da CF/88?,"O mandato do Presidente da República é de quatro anos e terá início em 
primeiro de janeiro do ano seguinte ao da sua eleição"
Art. 82,Complete a ideia do Art. 82: O mandato do Presidente da República é de quatro a...,"O mandato do Presidente da República é de quatro anos e terá início em 
primeiro de janeiro do ano seguinte ao da sua eleição. (ECR no 5/94 e EC n o 16/97)"
Art. 83,Sobre o que dispõe o Art. 83 da CF/88?,"O Presidente e o Vice-Presidente da República não poderão, sem licença do 
Congresso Nacional, ausentar-se do País por período superior a quinze dias, sob pena 
de perda do cargo"
Art. 83,Complete a ideia do Art. 83: O Presidente e o Vice-Presidente da República não ...,"O Presidente e o Vice-Presidente da República não poderão, sem licença do 
Congresso Nacional, ausentar-se do País por período superior a quinze dias, sob pena 
de perda do cargo.
SEÇÃO II –  
Das Atr..."
Art. 84,Sobre o que dispõe o Art. 84 da CF/88?,"Compete privativamente ao Presidente da República: (EC  n o  23/99 e 
EC n o 32/2001)
I – nomear e exonerar os Ministros de Estado;
II – exercer, com o auxílio dos Ministros de Estado, a direção superior da admi-
nistração federal;
III – iniciar o processo legislativo, na forma e nos casos previstos nesta Constituição;
IV – sancionar, promulgar e fazer publicar as leis, bem como expedir decretos e 
regulamentos para sua fiel execução;
V – vetar projetos de lei, total ou parcialmente;
VI – dispor, mediante decreto, sobre:
a) organização e funcionamento da administração federal, quando não implicar 
aumento de despesa nem criação ou extinção de órgãos públicos;
59Da Organização dos Poderes

b) extinção de funções ou cargos públicos, quando vagos;
VII – manter relações com Estados estrangeiros e acreditar seus representantes 
diplomáticos;
VIII – celebrar tratados, convenções e atos internacionais, sujeitos a referendo do 
Congresso Nacional;
IX – decretar o estado de defesa e o estado de sítio;
X – decretar e executar a intervenção federal;
XI – remeter mensagem e plano de governo ao Congresso Nacional por ocasião da 
abertura da sessão legislativa, expondo a situação do País e solicitando as providências 
que julgar necessárias;
XII – conceder indulto e comutar penas, com audiência, se necessário, dos órgãos 
instituídos em lei;
XIII – exercer o comando supremo das Forças Armadas, nomear os Comandantes 
da Marinha, do Exército e da Aeronáutica, promover seus oficiais-generais e nomeá-los 
para os cargos que lhes são privativos;
XIV – nomear, após aprovação pelo Senado Federal, os Ministros do Supremo Tri-
bunal Federal e dos Tribunais Superiores, os Governadores de Territórios, o Procurador-
-Geral da República, o presidente e os diretores do banco central e outros servidores, 
quando determinado em lei;
XV – nomear, observado o disposto no art"
Art. 84,Quais são os principais pontos/incisos do Art. 84?,Consulte o texto para detalhes sobre a lista de competências ou direitos específicos deste artigo.
Art. 84,Qual a importância estratégica do Art. 84 para a organização do Estado?,Este artigo detalha normas complexas de organização ou competência essenciais para o funcionamento institucional.
Art. 85,Sobre o que dispõe o Art. 85 da CF/88?,"São crimes de responsabilidade os atos do Presidente da República que aten-
tem contra a Constituição Federal e, especialmente, contra:
I – a existência da União;
II – o livre exercício do Poder Legislativo, do Poder Judiciário, do Ministério 
Público e dos Poderes constitucionais das unidades da Federação;
III – o exercício dos direitos políticos, individuais e sociais;
IV – a segurança interna do País;
V – a probidade na administração;
VI – a lei orçamentária;
VII – o cumprimento das leis e das decisões judiciais"
Art. 85,Complete a ideia do Art. 85: São crimes de responsabilidade os atos do Presiden...,"São crimes de responsabilidade os atos do Presidente da República que aten-
tem contra a Constituição Federal e, especialmente, contra:
I – a existência da União;
II – o livre exercício do Poder Legis..."
Art. 86,Sobre o que dispõe o Art. 86 da CF/88?,"Admitida a acusação contra o Presidente da República, por dois terços da 
Câmara dos Deputados, será ele submetido a julgamento perante o Supremo Tribunal 
Federal, nas infrações penais comuns, ou perante o Senado Federal, nos crimes de res-
ponsabilidade"
Art. 86,Complete a ideia do Art. 86: Admitida a acusação contra o Presidente da Repúbli...,"Admitida a acusação contra o Presidente da República, por dois terços da 
Câmara dos Deputados, será ele submetido a julgamento perante o Supremo Tribunal 
Federal, nas infrações penais comuns, ou per..."
Art. 87,Sobre o que dispõe o Art. 87 da CF/88?,"Os Ministros de Estado serão escolhidos dentre brasileiros maiores de vinte 
e um anos e no exercício dos direitos políticos"
Art. 87,Complete a ideia do Art. 87: Os Ministros de Estado serão escolhidos dentre bra...,"Os Ministros de Estado serão escolhidos dentre brasileiros maiores de vinte 
e um anos e no exercício dos direitos políticos.
Parágrafo único. Compete ao Ministro de Estado, além de outras atribuições..."
Art. 88,Sobre o que dispõe o Art. 88 da CF/88?,"A lei disporá sobre a criação e extinção de Ministérios e órgãos da adminis-
tração pública"
Art. 88,Complete a ideia do Art. 88: A lei disporá sobre a criação e extinção de Minist...,"A lei disporá sobre a criação e extinção de Ministérios e órgãos da adminis-
tração pública. (EC n o 32/2001)
SEÇÃO V –  
Do Conselho da República e do Conselho de Defesa Nacional
SUBSEÇÃO I –  
Do Co..."
Art. 89,Sobre o que dispõe o Art. 89 da CF/88?,"O Conselho da República é órgão superior de consulta do Presidente da 
República, e dele participam:
I – o Vice-Presidente da República;
II – o Presidente da Câmara dos Deputados;
III – o Presidente do Senado Federal;
IV – os líderes da maioria e da minoria na Câmara dos Deputados;
V – os líderes da maioria e da minoria no Senado Federal;
VI – o Ministro da Justiça;
VII – seis cidadãos brasileiros natos, com mais de trinta e cinco anos de idade, 
sendo dois nomeados pelo Presidente da República, dois eleitos pelo Senado Federal 
e dois eleitos pela Câmara dos Deputados, todos com mandato de três anos, vedada a 
recondução"
Art. 89,Complete a ideia do Art. 89: O Conselho da República é órgão superior de consul...,"O Conselho da República é órgão superior de consulta do Presidente da 
República, e dele participam:
I – o Vice-Presidente da República;
II – o Presidente da Câmara dos Deputados;
III – o Presidente d..."
Art. 90,Sobre o que dispõe o Art. 90 da CF/88?,"Compete ao Conselho da República pronunciar-se sobre:
I – intervenção federal, estado de defesa e estado de sítio;
II – as questões relevantes para a estabilidade das instituições democráticas"
Art. 90,Complete a ideia do Art. 90: Compete ao Conselho da República pronunciar-se sob...,"Compete ao Conselho da República pronunciar-se sobre:
I – intervenção federal, estado de defesa e estado de sítio;
II – as questões relevantes para a estabilidade das instituições democráticas.
§ 1o O..."
Art. 91,Sobre o que dispõe o Art. 91 da CF/88?,"O Conselho de Defesa Nacional é órgão de consulta do Presidente da Repúbli-
ca nos assuntos relacionados com a soberania nacional e a defesa do Estado democrático, 
e dele participam como membros natos: (EC n o 23/99)
I – o Vice-Presidente da República;
II – o Presidente da Câmara dos Deputados;
III – o Presidente do Senado Federal;
IV – o Ministro da Justiça;
V – o Ministro de Estado da Defesa;
VI – o Ministro das Relações Exteriores;
VII – o Ministro do Planejamento;
Constituição da República Federativa do Brasil
62

VIII – os Comandantes da Marinha, do Exército e da Aeronáutica"
Art. 91,Complete a ideia do Art. 91: O Conselho de Defesa Nacional é órgão de consulta ...,"O Conselho de Defesa Nacional é órgão de consulta do Presidente da Repúbli-
ca nos assuntos relacionados com a soberania nacional e a defesa do Estado democrático, 
e dele participam como membros nato..."
Art. 91,Qual a importância estratégica do Art. 91 para a organização do Estado?,Este artigo detalha normas complexas de organização ou competência essenciais para o funcionamento institucional.
Art. 92,Sobre o que dispõe o Art. 92 da CF/88?,"São órgãos do Poder Judiciário: (EC n o 45/2004)
I – o Supremo Tribunal Federal;
I-A – o Conselho Nacional de Justiça;
II – o Superior Tribunal de Justiça;
III – os Tribunais Regionais Federais e Juízes Federais;
IV – os Tribunais e Juízes do Trabalho;
V – os Tribunais e Juízes Eleitorais;
VI – os Tribunais e Juízes Militares;
VII – os Tribunais e Juízes dos Estados e do Distrito Federal e Territórios"
Art. 92,"Complete a ideia do Art. 92: São órgãos do Poder Judiciário: (EC n o 45/2004)
I...","São órgãos do Poder Judiciário: (EC n o 45/2004)
I – o Supremo Tribunal Federal;
I-A – o Conselho Nacional de Justiça;
II – o Superior Tribunal de Justiça;
III – os Tribunais Regionais Federais e Juíz..."
Art. 93,Sobre o que dispõe o Art. 93 da CF/88?,"Lei complementar, de iniciativa do Supremo Tribunal Federal, disporá sobre o 
Estatuto da Magistratura, observados os seguintes princípios: (EC no 19/98, EC n o 20/98 
e EC n o 45/2004)
I – ingresso na carreira, cujo cargo inicial será o de juiz substituto, mediante 
concurso público de provas e títulos, com a participação da Ordem dos Advogados do 
Brasil em todas as fases, exigindo-se do bacharel em direito, no mínimo, três anos de 
atividade jurídica e obedecendo-se, nas nomeações, à ordem de classificação;
II – promoção de entrância para entrância, alternadamente, por antiguidade e 
merecimento, atendidas as seguintes normas:
a) é obrigatória a promoção do juiz que figure por três vezes consecutivas ou 
cinco alternadas em lista de merecimento;
63Da Organização dos Poderes

b) a promoção por merecimento pressupõe dois anos de exercício na respectiva 
entrância e integrar o juiz a primeira quinta parte da lista de antiguidade desta, 
salvo se não houver com tais requisitos quem aceite o lugar vago;
c) aferição do merecimento conforme o desempenho e pelos critérios objetivos 
de produtividade e presteza no exercício da jurisdição e pela freqüência e apro-
veitamento em cursos oficiais ou reconhecidos de aperfeiçoamento;
d) na apuração de antigüidade, o tribunal somente poderá recusar o juiz mais 
antigo pelo voto fundamentado de dois terços de seus membros, conforme 
procedimento próprio, e assegurada ampla defesa, repetindo-se a votação até 
fixar-se a indicação;
e) não será promovido o juiz que, injustificadamente, retiver autos em seu po -
der além do prazo legal, não podendo devolvê-los ao cartório sem o devido 
despacho ou decisão;
III – o acesso aos tribunais de segundo grau far-se-á por antigüidade e mereci -
mento, alternadamente, apurados na última ou única entrância;
IV – previsão de cursos oficiais de preparação, aperfeiçoamento e promoção de 
magistrados, constituindo etapa obrigatória do processo de vitaliciamento a participação 
em curso oficial ou reconhecido por escola nacional de formação e aperfeiçoamento de 
magistrados;
V – o subsídio dos Ministros dos Tribunais Superiores corresponderá a noventa 
e cinco por cento do subsídio mensal fixado para os Ministros do Supremo Tribunal 
Federal e os subsídios dos demais magistrados serão fixados em lei e escalonados, 
em nível federal e estadual, conforme as respectivas categorias da estrutura judiciária 
nacional, não podendo a diferença entre uma e outra ser superior a dez por cento ou 
inferior a cinco por cento, nem exceder a noventa e cinco por cento do subsídio mensal 
dos Ministros dos Tribunais Superiores, obedecido, em qualquer caso, o disposto nos 
arts"
Art. 93,"Complete a ideia do Art. 93: Lei complementar, de iniciativa do Supremo Tribuna...","Lei complementar, de iniciativa do Supremo Tribunal Federal, disporá sobre o 
Estatuto da Magistratura, observados os seguintes princípios: (EC no 19/98, EC n o 20/98 
e EC n o 45/2004)
I – ingresso n..."
Art. 93,Qual a importância estratégica do Art. 93 para a organização do Estado?,Este artigo detalha normas complexas de organização ou competência essenciais para o funcionamento institucional.
Art. 94,Sobre o que dispõe o Art. 94 da CF/88?,"Um quinto dos lugares dos Tribunais Regionais Federais, dos Tribunais dos 
Estados, e do Distrito Federal e Territórios será composto de membros, do Ministério 
Público, com mais de dez anos de carreira, e de advogados de notório saber jurídico e 
de reputação ilibada, com mais de dez anos de efetiva atividade profissional, indicados 
em lista sêxtupla pelos órgãos de representação das respectivas classes"
Art. 94,Complete a ideia do Art. 94: Um quinto dos lugares dos Tribunais Regionais Fede...,"Um quinto dos lugares dos Tribunais Regionais Federais, dos Tribunais dos 
Estados, e do Distrito Federal e Territórios será composto de membros, do Ministério 
Público, com mais de dez anos de carrei..."
Art. 95,Sobre o que dispõe o Art. 95 da CF/88?,"Os juízes gozam das seguintes garantias: (EC n o 19/98 e EC n o 45/2004)
I – vitaliciedade, que, no primeiro grau, só será adquirida após dois anos de exer-
cício, dependendo a perda do cargo, nesse período, de deliberação do tribunal a que o 
juiz estiver vinculado, e, nos demais casos, de sentença judicial transitada em julgado;
II – inamovibilidade, salvo por motivo de interesse público, na forma do art"
Art. 95,Complete a ideia do Art. 95: Os juízes gozam das seguintes garantias: (EC n o 1...,"Os juízes gozam das seguintes garantias: (EC n o 19/98 e EC n o 45/2004)
I – vitaliciedade, que, no primeiro grau, só será adquirida após dois anos de exer-
cício, dependendo a perda do cargo, nesse p..."
Art. 95,Qual a importância estratégica do Art. 95 para a organização do Estado?,Este artigo detalha normas complexas de organização ou competência essenciais para o funcionamento institucional.
Art. 96,Sobre o que dispõe o Art. 96 da CF/88?,"Compete privativamente: (EC n o 19/98 e EC n o 41/2003)
I – aos tribunais:
a) eleger seus órgãos diretivos e elaborar seus regimentos internos, com obser -
vância das normas de processo e das garantias processuais das partes, dispondo 
sobre a competência e o funcionamento dos respectivos órgãos jurisdicionais 
e administrativos;
b) organizar suas secretarias e serviços auxiliares e os dos juízos que lhes forem 
vinculados, velando pelo exercício da atividade correicional respectiva;
c) prover, na forma prevista nesta Constituição, os cargos de juiz de carreira da 
respectiva jurisdição;
65Da Organização dos Poderes

d) propor a criação de novas varas judiciárias;
e) prover, por concurso público de provas, ou de provas e títulos, obedecido o 
disposto no art"
Art. 96,Complete a ideia do Art. 96: Compete privativamente: (EC n o 19/98 e EC n o 41/...,"Compete privativamente: (EC n o 19/98 e EC n o 41/2003)
I – aos tribunais:
a) eleger seus órgãos diretivos e elaborar seus regimentos internos, com obser -
vância das normas de processo e das garantia..."
Art. 96,Qual a importância estratégica do Art. 96 para a organização do Estado?,Este artigo detalha normas complexas de organização ou competência essenciais para o funcionamento institucional.
Art. 97,Sobre o que dispõe o Art. 97 da CF/88?,"Somente pelo voto da maioria absoluta de seus membros ou dos membros 
do respectivo órgão especial poderão os tribunais declarar a inconstitucionalidade de 
lei ou ato normativo do Poder Público"
Art. 97,Complete a ideia do Art. 97: Somente pelo voto da maioria absoluta de seus memb...,"Somente pelo voto da maioria absoluta de seus membros ou dos membros 
do respectivo órgão especial poderão os tribunais declarar a inconstitucionalidade de 
lei ou ato normativo do Poder Público."
Art. 98,Sobre o que dispõe o Art. 98 da CF/88?,"A União, no Distrito Federal e nos Territórios, e os Estados criarão: 
(EC n o 22/99 e EC n o 45/2004)
I – juizados especiais, providos por juízes togados, ou togados e leigos, competentes 
para a conciliação, o julgamento e a execução de causas cíveis de menor complexidade 
e infrações penais de menor potencial ofensivo, mediante os procedimentos oral e su-
mariíssimo, permitidos, nas hipóteses previstas em lei, a transação e o julgamento de 
recursos por turmas de juízes de primeiro grau;
II – justiça de paz, remunerada, composta de cidadãos eleitos pelo voto direto, 
universal e secreto, com mandato de quatro anos e competência para, na forma da lei, 
celebrar casamentos, verificar, de ofício ou em face de impugnação apresentada, o pro-
cesso de habilitação e exercer atribuições conciliatórias, sem caráter jurisdicional, além 
de outras previstas na legislação"
Art. 98,"Complete a ideia do Art. 98: A União, no Distrito Federal e nos Territórios, e ...","A União, no Distrito Federal e nos Territórios, e os Estados criarão: 
(EC n o 22/99 e EC n o 45/2004)
I – juizados especiais, providos por juízes togados, ou togados e leigos, competentes 
para a con..."
Art. 98,Qual a importância estratégica do Art. 98 para a organização do Estado?,Este artigo detalha normas complexas de organização ou competência essenciais para o funcionamento institucional.
Art. 99,Sobre o que dispõe o Art. 99 da CF/88?,Ao Poder Judiciário é assegurada autonomia administrativa e financeira
Art. 99,Complete a ideia do Art. 99: Ao Poder Judiciário é assegurada autonomia adminis...,"Ao Poder Judiciário é assegurada autonomia administrativa e financeira. 
(EC n o 45/2004)
§ 1o Os tribunais elaborarão suas propostas orçamentárias dentro dos limites estipu-
lados conjuntamente com o..."
Art. 99,Qual a importância estratégica do Art. 99 para a organização do Estado?,Este artigo detalha normas complexas de organização ou competência essenciais para o funcionamento institucional.
Art. 100,Sobre o que dispõe o Art. 100 da CF/88?,"Os pagamentos devidos pelas Fazendas Públicas Federal, Estaduais, Distri-
tal e Municipais, em virtude de sentença judiciária, far-se-ão exclusivamente na ordem 
cronológica de apresentação dos precatórios e à conta dos créditos respectivos, proibida 
a designação de casos ou de pessoas nas dotações orçamentárias e nos créditos adicionais 
abertos para este fim"
Art. 100,Complete a ideia do Art. 100: Os pagamentos devidos pelas Fazendas Públicas Fede...,"Os pagamentos devidos pelas Fazendas Públicas Federal, Estaduais, Distri-
tal e Municipais, em virtude de sentença judiciária, far-se-ão exclusivamente na ordem 
cronológica de apresentação dos precat..."
Art. 100,Qual a importância estratégica do Art. 100 para a organização do Estado?,Este artigo detalha normas complexas de organização ou competência essenciais para o funcionamento institucional.
Art. 101,Sobre o que dispõe o Art. 101 da CF/88?,"O Supremo Tribunal Federal compõe-se de onze Ministros, escolhidos 
dentre cidadãos com mais de trinta e cinco e menos de sessenta e cinco anos de idade, 
de notável saber jurídico e reputação ilibada"
Art. 101,Complete a ideia do Art. 101: O Supremo Tribunal Federal compõe-se de onze Minis...,"O Supremo Tribunal Federal compõe-se de onze Ministros, escolhidos 
dentre cidadãos com mais de trinta e cinco e menos de sessenta e cinco anos de idade, 
de notável saber jurídico e reputação ilibada..."
Art. 102,Sobre o que dispõe o Art. 102 da CF/88?,"Compete ao Supremo Tribunal Federal, precipuamente, a guarda da Cons-
tituição, cabendo-lhe: (EC n o 3/93, EC n o 22/99, EC n o 23/99 e EC n o 45/2004)
5
 NE: leia-se “da Emenda Constitucional no 62, de 2009”"
Art. 102,"Complete a ideia do Art. 102: Compete ao Supremo Tribunal Federal, precipuamente...","Compete ao Supremo Tribunal Federal, precipuamente, a guarda da Cons-
tituição, cabendo-lhe: (EC n o 3/93, EC n o 22/99, EC n o 23/99 e EC n o 45/2004)
5
 NE: leia-se “da Emenda Constitucional no 62, ..."
Art. 102,Qual a importância estratégica do Art. 102 para a organização do Estado?,Este artigo detalha normas complexas de organização ou competência essenciais para o funcionamento institucional.
Art. 103,Sobre o que dispõe o Art. 103 da CF/88?,-B
Art. 103,Complete a ideia do Art. 103: -B...,"-B. O Conselho Nacional de Justiça compõe-se de 15 (quinze) membros 
com mandato de 2 (dois) anos, admitida 1 (uma) recondução, sendo: (EC n o 45/2004 
e EC n o 61/2009)
I – o Presidente do Supremo Tr..."
Art. 103,Qual a importância estratégica do Art. 103 para a organização do Estado?,Este artigo detalha normas complexas de organização ou competência essenciais para o funcionamento institucional.
Art. 104,Sobre o que dispõe o Art. 104 da CF/88?,"O Superior Tribunal de Justiça compõe-se de, no mínimo, trinta e três 
Ministros"
Art. 104,"Complete a ideia do Art. 104: O Superior Tribunal de Justiça compõe-se de, no mí...","O Superior Tribunal de Justiça compõe-se de, no mínimo, trinta e três 
Ministros. (EC n o 45/2004)
Parágrafo único. Os Ministros do Superior Tribunal de Justiça serão nomeados pelo 
Presidente da Repú..."
Art. 105,Sobre o que dispõe o Art. 105 da CF/88?,"Compete ao Superior Tribunal de Justiça: (EC  n o  22/99, EC  n o  23/99 e 
EC n o 45/2004)
I – processar e julgar, originariamente:
a) nos crimes comuns, os Governadores dos Estados e do Distrito Federal, e, nestes 
e nos de responsabilidade, os desembargadores dos Tribunais de Justiça dos Es-
tados e do Distrito Federal, os membros dos Tribunais de Contas dos Estados e 
do Distrito Federal, os dos Tribunais Regionais Federais, dos Tribunais Regionais 
Eleitorais e do Trabalho, os membros dos Conselhos ou Tribunais de Contas dos 
Municípios e os do Ministério Público da União que oficiem perante tribunais;
b) os mandados de segurança e os habeas data contra ato de Ministro de Estado, 
dos Comandantes da Marinha, do Exército e da Aeronáutica ou do próprio 
Tribunal;
c) os habeas corpus, quando o coator ou paciente for qualquer das pessoas men-
cionadas na alínea “a” , ou quando o coator for tribunal sujeito à sua jurisdição, 
Ministro de Estado ou Comandante da Marinha, do Exército ou da Aeronáutica, 
ressalvada a competência da Justiça Eleitoral;
d) os conflitos de competência entre quaisquer tribunais, ressalvado o disposto 
no art"
Art. 105,Complete a ideia do Art. 105: Compete ao Superior Tribunal de Justiça: (EC  n o ...,"Compete ao Superior Tribunal de Justiça: (EC  n o  22/99, EC  n o  23/99 e 
EC n o 45/2004)
I – processar e julgar, originariamente:
a) nos crimes comuns, os Governadores dos Estados e do Distrito Fed..."
Art. 105,Qual a importância estratégica do Art. 105 para a organização do Estado?,Este artigo detalha normas complexas de organização ou competência essenciais para o funcionamento institucional.
Art. 106,Sobre o que dispõe o Art. 106 da CF/88?,"São órgãos da Justiça Federal:
I – os Tribunais Regionais Federais;
II – os Juízes Federais"
Art. 106,"Complete a ideia do Art. 106: São órgãos da Justiça Federal:
I – os Tribunais Re...","São órgãos da Justiça Federal:
I – os Tribunais Regionais Federais;
II – os Juízes Federais."
Art. 107,Sobre o que dispõe o Art. 107 da CF/88?,"Os Tribunais Regionais Federais compõem-se de, no mínimo, sete juízes, 
recrutados, quando possível, na respectiva região e nomeados pelo Presidente da Re -
pública dentre brasileiros com mais de trinta e menos de sessenta e cinco anos, sendo: 
(EC n o 45/2004)
I – um quinto dentre advogados com mais de dez anos de efetiva atividade pro -
fissional e membros do Ministério Público Federal com mais de dez anos de carreira;
II – os demais, mediante promoção de juízes federais com mais de cinco anos de 
exercício, por antiguidade e merecimento, alternadamente"
Art. 107,"Complete a ideia do Art. 107: Os Tribunais Regionais Federais compõem-se de, no ...","Os Tribunais Regionais Federais compõem-se de, no mínimo, sete juízes, 
recrutados, quando possível, na respectiva região e nomeados pelo Presidente da Re -
pública dentre brasileiros com mais de trin..."
Art. 107,Qual a importância estratégica do Art. 107 para a organização do Estado?,Este artigo detalha normas complexas de organização ou competência essenciais para o funcionamento institucional.
Art. 108,Sobre o que dispõe o Art. 108 da CF/88?,"Compete aos Tribunais Regionais Federais:
I – processar e julgar, originariamente:
a) os juízes federais da área de sua jurisdição, incluídos os da Justiça Militar e da 
Justiça do Trabalho, nos crimes comuns e de responsabilidade, e os membros 
do Ministério Público da União, ressalvada a competência da Justiça Eleitoral;
b) as revisões criminais e as ações rescisórias de julgados seus ou dos juízes 
federais da região;
c) os mandados de segurança e os habeas data contra ato do próprio Tribunal 
ou de juiz federal;
d) os habeas corpus, quando a autoridade coatora for juiz federal;
e) os conflitos de competência entre juízes federais vinculados ao Tribunal;
II – julgar, em grau de recurso, as causas decididas pelos juízes federais e pelos 
juízes estaduais no exercício da competência federal da área de sua jurisdição"
Art. 108,"Complete a ideia do Art. 108: Compete aos Tribunais Regionais Federais:
I – proc...","Compete aos Tribunais Regionais Federais:
I – processar e julgar, originariamente:
a) os juízes federais da área de sua jurisdição, incluídos os da Justiça Militar e da 
Justiça do Trabalho, nos crime..."
Art. 109,Sobre o que dispõe o Art. 109 da CF/88?,"Aos juízes federais compete processar e julgar: (EC n o 45/2004)
I – as causas em que a União, entidade autárquica ou empresa pública federal forem 
interessadas na condição de autoras, rés, assistentes ou oponentes, exceto as de falência, 
as de acidentes de trabalho e as sujeitas à Justiça Eleitoral e à Justiça do Trabalho;
II – as causas entre Estado estrangeiro ou organismo internacional e Município 
ou pessoa domiciliada ou residente no País;
III – as causas fundadas em tratado ou contrato da União com Estado estrangeiro 
ou organismo internacional;
IV – os crimes políticos e as infrações penais praticadas em detrimento de bens, 
serviços ou interesse da União ou de suas entidades autárquicas ou empresas públicas, 
excluídas as contravenções e ressalvada a competência da Justiça Militar e da Justiça 
Eleitoral;
V – os crimes previstos em tratado ou convenção internacional, quando, iniciada 
a execução no País, o resultado tenha ou devesse ter ocorrido no estrangeiro, ou reci -
procamente;
V-A – as causas relativas a direitos humanos a que se refere o § 5o deste artigo;
VI – os crimes contra a organização do trabalho e, nos casos determinados por 
lei, contra o sistema financeiro e a ordem econômico-financeira;
VII – os habeas corpus, em matéria criminal de sua competência ou quando o 
constrangimento provier de autoridade cujos atos não estejam diretamente sujeitos a 
outra jurisdição;
VIII – os mandados de segurança e os habeas data contra ato de autoridade federal, 
excetuados os casos de competência dos tribunais federais;
IX – os crimes cometidos a bordo de navios ou aeronaves, ressalvada a compe -
tência da Justiça Militar;
X – os crimes de ingresso ou permanência irregular de estrangeiro, a execução 
de carta rogatória, após o exequatur, e de sentença estrangeira, após a homologação, as 
causas referentes à nacionalidade, inclusive a respectiva opção, e à naturalização;
XI – a disputa sobre direitos indígenas"
Art. 109,Complete a ideia do Art. 109: Aos juízes federais compete processar e julgar: (E...,"Aos juízes federais compete processar e julgar: (EC n o 45/2004)
I – as causas em que a União, entidade autárquica ou empresa pública federal forem 
interessadas na condição de autoras, rés, assistent..."
Art. 109,Qual a importância estratégica do Art. 109 para a organização do Estado?,Este artigo detalha normas complexas de organização ou competência essenciais para o funcionamento institucional.
Art. 110,Sobre o que dispõe o Art. 110 da CF/88?,"Cada Estado, bem como o Distrito Federal, constituirá uma seção judici -
ária que terá por sede a respectiva Capital, e varas localizadas segundo o estabelecido 
em lei"
Art. 110,"Complete a ideia do Art. 110: Cada Estado, bem como o Distrito Federal, constitu...","Cada Estado, bem como o Distrito Federal, constituirá uma seção judici -
ária que terá por sede a respectiva Capital, e varas localizadas segundo o estabelecido 
em lei.
Parágrafo único. Nos Territóri..."
Art. 111,Sobre o que dispõe o Art. 111 da CF/88?,-A
Art. 111,Complete a ideia do Art. 111: -A...,"-A.  O Tribunal Superior do Trabalho compor-se-á de vinte e sete Ministros, 
escolhidos dentre brasileiros com mais de trinta e cinco e menos de sessenta e cinco 
anos, nomeados pelo Presidente da Rep..."
Art. 111,Qual a importância estratégica do Art. 111 para a organização do Estado?,Este artigo detalha normas complexas de organização ou competência essenciais para o funcionamento institucional.
Art. 112,Sobre o que dispõe o Art. 112 da CF/88?,"A lei criará varas da Justiça do Trabalho, podendo, nas comarcas não abran-
gidas por sua jurisdição, atribuí-la aos juízes de direito, com recurso para o respectivo 
Tribunal Regional do Trabalho"
Art. 112,"Complete a ideia do Art. 112: A lei criará varas da Justiça do Trabalho, podendo...","A lei criará varas da Justiça do Trabalho, podendo, nas comarcas não abran-
gidas por sua jurisdição, atribuí-la aos juízes de direito, com recurso para o respectivo 
Tribunal Regional do Trabalho. (E..."
Art. 113,Sobre o que dispõe o Art. 113 da CF/88?,"A lei disporá sobre a constituição, investidura, jurisdição, competência, 
garantias e condições de exercício dos órgãos da Justiça do Trabalho"
Art. 113,"Complete a ideia do Art. 113: A lei disporá sobre a constituição, investidura, j...","A lei disporá sobre a constituição, investidura, jurisdição, competência, 
garantias e condições de exercício dos órgãos da Justiça do Trabalho. (EC no 24/99)"
Art. 114,Sobre o que dispõe o Art. 114 da CF/88?,"Compete à Justiça do Trabalho processar e julgar: (EC  n o  20/98 e 
EC n o 45/2004)
I – as ações oriundas da relação de trabalho, abrangidos os entes de direito público 
externo e da administração pública direta e indireta da União, dos Estados, do Distrito 
Federal e dos Municípios;
II – as ações que envolvam exercício do direito de greve;
III – as ações sobre representação sindical, entre sindicatos, entre sindicatos e 
trabalhadores, e entre sindicatos e empregadores;
IV – os mandados de segurança, habeas corpus e habeas data, quando o ato ques-
tionado envolver matéria sujeita à sua jurisdição;
V – os conflitos de competência entre órgãos com jurisdição trabalhista, ressalvado 
o disposto no art"
Art. 114,Complete a ideia do Art. 114: Compete à Justiça do Trabalho processar e julgar: ...,"Compete à Justiça do Trabalho processar e julgar: (EC  n o  20/98 e 
EC n o 45/2004)
I – as ações oriundas da relação de trabalho, abrangidos os entes de direito público 
externo e da administração pú..."
Art. 114,Qual a importância estratégica do Art. 114 para a organização do Estado?,Este artigo detalha normas complexas de organização ou competência essenciais para o funcionamento institucional.
Art. 115,Sobre o que dispõe o Art. 115 da CF/88?,"Os Tribunais Regionais do Trabalho compõem-se de, no mínimo, sete 
juízes, recrutados, quando possível, na respectiva região, e nomeados pelo Presidente 
da República dentre brasileiros com mais de trinta e menos de sessenta e cinco anos, 
sendo: (EC no 24/99 e EC n o 45/2004)
I – um quinto dentre advogados com mais de dez anos de efetiva atividade profis-
sional e membros do Ministério Público do Trabalho com mais de dez anos de efetivo 
exercício, observado o disposto no art"
Art. 115,"Complete a ideia do Art. 115: Os Tribunais Regionais do Trabalho compõem-se de, ...","Os Tribunais Regionais do Trabalho compõem-se de, no mínimo, sete 
juízes, recrutados, quando possível, na respectiva região, e nomeados pelo Presidente 
da República dentre brasileiros com mais de tr..."
Art. 115,Qual a importância estratégica do Art. 115 para a organização do Estado?,Este artigo detalha normas complexas de organização ou competência essenciais para o funcionamento institucional.
Art. 116,Sobre o que dispõe o Art. 116 da CF/88?,"Nas Varas doTrabalho, a jurisdição será exercida por um juiz singular"
Art. 116,"Complete a ideia do Art. 116: Nas Varas doTrabalho, a jurisdição será exercida p...","Nas Varas doTrabalho, a jurisdição será exercida por um juiz singular. 
(EC n o 24/99)
Parágrafo único. (Revogado)"
Art. 117,Sobre o que dispõe o Art. 117 da CF/88?,"(Revogado) (EC n o 24/99)
SEÇÃO VI –  
Dos Tribunais e Juízes Eleitorais"
Art. 117,"Complete a ideia do Art. 117: (Revogado) (EC n o 24/99)
SEÇÃO VI –  
Dos Tribuna...","(Revogado) (EC n o 24/99)
SEÇÃO VI –  
Dos Tribunais e Juízes Eleitorais"
Art. 118,Sobre o que dispõe o Art. 118 da CF/88?,"São órgãos da Justiça Eleitoral:
I – o Tribunal Superior Eleitoral;
II – os Tribunais Regionais Eleitorais;
III – os Juízes Eleitorais;
IV – as Juntas Eleitorais"
Art. 118,"Complete a ideia do Art. 118: São órgãos da Justiça Eleitoral:
I – o Tribunal Su...","São órgãos da Justiça Eleitoral:
I – o Tribunal Superior Eleitoral;
II – os Tribunais Regionais Eleitorais;
III – os Juízes Eleitorais;
IV – as Juntas Eleitorais."
Art. 119,Sobre o que dispõe o Art. 119 da CF/88?,"O Tribunal Superior Eleitoral compor-se-á, no mínimo, de sete membros, 
escolhidos:
I – mediante eleição, pelo voto secreto:
a) três juízes dentre os Ministros do Supremo Tribunal Federal;
b) dois juízes dentre os Ministros do Superior Tribunal de Justiça;
II – por nomeação do Presidente da República, dois juízes dentre seis advogados 
de notável saber jurídico e idoneidade moral, indicados pelo Supremo Tribunal Federal"
Art. 119,"Complete a ideia do Art. 119: O Tribunal Superior Eleitoral compor-se-á, no míni...","O Tribunal Superior Eleitoral compor-se-á, no mínimo, de sete membros, 
escolhidos:
I – mediante eleição, pelo voto secreto:
a) três juízes dentre os Ministros do Supremo Tribunal Federal;
b) dois juí..."
Art. 120,Sobre o que dispõe o Art. 120 da CF/88?,"Haverá um Tribunal Regional Eleitoral na Capital de cada Estado e no 
Distrito Federal"
Art. 120,Complete a ideia do Art. 120: Haverá um Tribunal Regional Eleitoral na Capital d...,"Haverá um Tribunal Regional Eleitoral na Capital de cada Estado e no 
Distrito Federal.
§ 1o Os Tribunais Regionais Eleitorais compor-se-ão:
I – mediante eleição, pelo voto secreto:
a) de dois juízes ..."
Art. 121,Sobre o que dispõe o Art. 121 da CF/88?,"Lei complementar disporá sobre a organização e competência dos tribunais, 
dos juízes de direito e das juntas eleitorais"
Art. 121,Complete a ideia do Art. 121: Lei complementar disporá sobre a organização e com...,"Lei complementar disporá sobre a organização e competência dos tribunais, 
dos juízes de direito e das juntas eleitorais.
§ 1o Os membros dos tribunais, os juízes de direito e os integrantes das junta..."
Art. 121,Qual a importância estratégica do Art. 121 para a organização do Estado?,Este artigo detalha normas complexas de organização ou competência essenciais para o funcionamento institucional.
Art. 122,Sobre o que dispõe o Art. 122 da CF/88?,"São órgãos da Justiça Militar:
I – o Superior Tribunal Militar;
II – os Tribunais e Juízes Militares instituídos por lei"
Art. 122,"Complete a ideia do Art. 122: São órgãos da Justiça Militar:
I – o Superior Trib...","São órgãos da Justiça Militar:
I – o Superior Tribunal Militar;
II – os Tribunais e Juízes Militares instituídos por lei."
Art. 123,Sobre o que dispõe o Art. 123 da CF/88?,"O Superior Tribunal Militar compor-se-á de quinze Ministros vitalícios, 
nomeados pelo Presidente da República, depois de aprovada a indicação pelo Senado 
Federal, sendo três dentre oficiais-generais da Marinha, quatro dentre oficiais-generais 
do Exército, três dentre oficiais-generais da Aeronáutica, todos da ativa e do posto mais 
elevado da carreira, e cinco dentre civis"
Art. 123,Complete a ideia do Art. 123: O Superior Tribunal Militar compor-se-á de quinze ...,"O Superior Tribunal Militar compor-se-á de quinze Ministros vitalícios, 
nomeados pelo Presidente da República, depois de aprovada a indicação pelo Senado 
Federal, sendo três dentre oficiais-generais..."
Art. 124,Sobre o que dispõe o Art. 124 da CF/88?,À Justiça Militar compete processar e julgar os crimes militares definidos em lei
Art. 124,Complete a ideia do Art. 124: À Justiça Militar compete processar e julgar os cr...,"À Justiça Militar compete processar e julgar os crimes militares definidos em lei.
Parágrafo único. A lei disporá sobre a organização, o funcionamento e a competência 
da Justiça Militar.
SEÇÃO VIII –..."
Art. 125,Sobre o que dispõe o Art. 125 da CF/88?,"Os Estados organizarão sua Justiça, observados os princípios estabelecidos 
nesta Constituição"
Art. 125,"Complete a ideia do Art. 125: Os Estados organizarão sua Justiça, observados os ...","Os Estados organizarão sua Justiça, observados os princípios estabelecidos 
nesta Constituição. (EC n o 45/2004)
79Da Organização dos Poderes

§ 1o A competência dos tribunais será definida na Constit..."
Art. 125,Qual a importância estratégica do Art. 125 para a organização do Estado?,Este artigo detalha normas complexas de organização ou competência essenciais para o funcionamento institucional.
Art. 126,Sobre o que dispõe o Art. 126 da CF/88?,"Para dirimir conflitos fundiários, o Tribunal de Justiça proporá a criação de 
varas especializadas, com competência exclusiva para questões agrárias"
Art. 126,"Complete a ideia do Art. 126: Para dirimir conflitos fundiários, o Tribunal de J...","Para dirimir conflitos fundiários, o Tribunal de Justiça proporá a criação de 
varas especializadas, com competência exclusiva para questões agrárias. (EC no 45/2004)
Parágrafo único. Sempre que neces..."
Art. 127,Sobre o que dispõe o Art. 127 da CF/88?,"O Ministério Público é instituição permanente, essencial à função jurisdi-
cional do Estado, incumbindo-lhe a defesa da ordem jurídica, do regime democrático e 
dos interesses sociais e individuais indisponíveis"
Art. 127,"Complete a ideia do Art. 127: O Ministério Público é instituição permanente, ess...","O Ministério Público é instituição permanente, essencial à função jurisdi-
cional do Estado, incumbindo-lhe a defesa da ordem jurídica, do regime democrático e 
dos interesses sociais e individuais in..."
Art. 127,Qual a importância estratégica do Art. 127 para a organização do Estado?,Este artigo detalha normas complexas de organização ou competência essenciais para o funcionamento institucional.
Art. 128,Sobre o que dispõe o Art. 128 da CF/88?,"O Ministério Público abrange: (EC n o 19/98 e EC n o 45/2004)
I – o Ministério Público da União, que compreende:
a) o Ministério Público Federal;
b) o Ministério Público do Trabalho;
c) o Ministério Público Militar;
d) o Ministério Público do Distrito Federal e Territórios;
II – os Ministérios Públicos dos Estados"
Art. 128,Complete a ideia do Art. 128: O Ministério Público abrange: (EC n o 19/98 e EC n...,"O Ministério Público abrange: (EC n o 19/98 e EC n o 45/2004)
I – o Ministério Público da União, que compreende:
a) o Ministério Público Federal;
b) o Ministério Público do Trabalho;
c) o Ministério P..."
Art. 128,Qual a importância estratégica do Art. 128 para a organização do Estado?,Este artigo detalha normas complexas de organização ou competência essenciais para o funcionamento institucional.
Art. 129,Sobre o que dispõe o Art. 129 da CF/88?,"São funções institucionais do Ministério Público: (EC n o 45/2004)
I – promover, privativamente, a ação penal pública, na forma da lei;
II – zelar pelo efetivo respeito dos Poderes Públicos e dos serviços de relevância 
pública aos direitos assegurados nesta Constituição, promovendo as medidas necessárias 
a sua garantia;
III – promover o inquérito civil e a ação civil pública, para a proteção do patrimônio 
público e social, do meio ambiente e de outros interesses difusos e coletivos;
IV – promover a ação de inconstitucionalidade ou representação para fins de 
intervenção da União e dos Estados, nos casos previstos nesta Constituição;
V – defender judicialmente os direitos e interesses das populações indígenas;
VI – expedir notificações nos procedimentos administrativos de sua competência, 
requisitando informações e documentos para instruí-los, na forma da lei complementar 
respectiva;
VII – exercer o controle externo da atividade policial, na forma da lei complemen-
tar mencionada no artigo anterior;
VIII – requisitar diligências investigatórias e a instauração de inquérito policial, 
indicados os fundamentos jurídicos de suas manifestações processuais;
IX – exercer outras funções que lhe forem conferidas, desde que compatíveis 
com sua finalidade, sendo-lhe vedada a representação judicial e a consultoria jurídica 
de entidades públicas"
Art. 129,Complete a ideia do Art. 129: São funções institucionais do Ministério Público: ...,"São funções institucionais do Ministério Público: (EC n o 45/2004)
I – promover, privativamente, a ação penal pública, na forma da lei;
II – zelar pelo efetivo respeito dos Poderes Públicos e dos serv..."
Art. 129,Qual a importância estratégica do Art. 129 para a organização do Estado?,Este artigo detalha normas complexas de organização ou competência essenciais para o funcionamento institucional.
Art. 130,Sobre o que dispõe o Art. 130 da CF/88?,-A
Art. 130,Complete a ideia do Art. 130: -A...,"-A.  O Conselho Nacional do Ministério Público compõe-se de quatorze 
membros nomeados pelo Presidente da República, depois de aprovada a escolha pela 
maioria absoluta do Senado Federal, para um mand..."
Art. 130,Qual a importância estratégica do Art. 130 para a organização do Estado?,Este artigo detalha normas complexas de organização ou competência essenciais para o funcionamento institucional.
Art. 131,Sobre o que dispõe o Art. 131 da CF/88?,"A Advocacia-Geral da União é a instituição que, diretamente ou através 
de órgão vinculado, representa a União, judicial e extrajudicialmente, cabendo-lhe, nos 
termos da lei complementar que dispuser sobre sua organização e funcionamento, as 
atividades de consultoria e assessoramento jurídico do Poder Executivo"
Art. 131,"Complete a ideia do Art. 131: A Advocacia-Geral da União é a instituição que, di...","A Advocacia-Geral da União é a instituição que, diretamente ou através 
de órgão vinculado, representa a União, judicial e extrajudicialmente, cabendo-lhe, nos 
termos da lei complementar que dispuser..."
Art. 132,Sobre o que dispõe o Art. 132 da CF/88?,"Os Procuradores dos Estados e do Distrito Federal, organizados em carreira, 
na qual o ingresso dependerá de concurso público de provas e títulos, com a participação 
da Ordem dos Advogados do Brasil em todas as suas fases, exercerão a representação 
judicial e a consultoria jurídica das respectivas unidades federadas"
Art. 132,"Complete a ideia do Art. 132: Os Procuradores dos Estados e do Distrito Federal,...","Os Procuradores dos Estados e do Distrito Federal, organizados em carreira, 
na qual o ingresso dependerá de concurso público de provas e títulos, com a participação 
da Ordem dos Advogados do Brasil ..."
Art. 133,Sobre o que dispõe o Art. 133 da CF/88?,"O advogado é indispensável à administração da justiça, sendo inviolável 
por seus atos e manifestações no exercício da profissão, nos limites da lei"
Art. 133,Complete a ideia do Art. 133: O advogado é indispensável à administração da just...,"O advogado é indispensável à administração da justiça, sendo inviolável 
por seus atos e manifestações no exercício da profissão, nos limites da lei.
SEÇÃO IV –  
Da Defensoria Pública  (EC n o 80/201..."
Art. 134,Sobre o que dispõe o Art. 134 da CF/88?,"A Defensoria Pública é instituição permanente, essencial à função jurisdicio-
nal do Estado, incumbindo-lhe, como expressão e instrumento do regime democrático, 
fundamentalmente, a orientação jurídica, a promoção dos direitos humanos e a defesa, 
em todos os graus, judicial e extrajudicial, dos direitos individuais e coletivos, de forma 
integral e gratuita, aos necessitados, na forma do inciso LXXIV do art"
Art. 134,"Complete a ideia do Art. 134: A Defensoria Pública é instituição permanente, ess...","A Defensoria Pública é instituição permanente, essencial à função jurisdicio-
nal do Estado, incumbindo-lhe, como expressão e instrumento do regime democrático, 
fundamentalmente, a orientação jurídic..."
Art. 134,Qual a importância estratégica do Art. 134 para a organização do Estado?,Este artigo detalha normas complexas de organização ou competência essenciais para o funcionamento institucional.
Art. 135,Sobre o que dispõe o Art. 135 da CF/88?,"Os servidores integrantes das carreiras disciplinadas nas Seções II e III deste 
Capítulo serão remunerados na forma do art"
Art. 135,Complete a ideia do Art. 135: Os servidores integrantes das carreiras disciplina...,"Os servidores integrantes das carreiras disciplinadas nas Seções II e III deste 
Capítulo serão remunerados na forma do art. 39, § 4 o. (EC n o 19/98)
85Da Organização dos Poderes


TÍTULO V –  
Da De..."
Art. 136,Sobre o que dispõe o Art. 136 da CF/88?,"O Presidente da República pode, ouvidos o Conselho da República e o 
Conselho de Defesa Nacional, decretar estado de defesa para preservar ou prontamente 
restabelecer, em locais restritos e determinados, a ordem pública ou a paz social amea-
çadas por grave e iminente instabilidade institucional ou atingidas por calamidades de 
grandes proporções na natureza"
Art. 136,"Complete a ideia do Art. 136: O Presidente da República pode, ouvidos o Conselho...","O Presidente da República pode, ouvidos o Conselho da República e o 
Conselho de Defesa Nacional, decretar estado de defesa para preservar ou prontamente 
restabelecer, em locais restritos e determina..."
Art. 136,Qual a importância estratégica do Art. 136 para a organização do Estado?,Este artigo detalha normas complexas de organização ou competência essenciais para o funcionamento institucional.
Art. 137,Sobre o que dispõe o Art. 137 da CF/88?,"O Presidente da República pode, ouvidos o Conselho da República e o 
Conselho de Defesa Nacional, solicitar ao Congresso Nacional autorização para decretar 
o estado de sítio nos casos de:
I – comoção grave de repercussão nacional ou ocorrência de fatos que comprovem 
a ineficácia de medida tomada durante o estado de defesa;
II – declaração de estado de guerra ou resposta a agressão armada estrangeira"
Art. 137,"Complete a ideia do Art. 137: O Presidente da República pode, ouvidos o Conselho...","O Presidente da República pode, ouvidos o Conselho da República e o 
Conselho de Defesa Nacional, solicitar ao Congresso Nacional autorização para decretar 
o estado de sítio nos casos de:
I – comoção..."
Art. 138,Sobre o que dispõe o Art. 138 da CF/88?,"O decreto do estado de sítio indicará sua duração, as normas necessárias a 
sua execução e as garantias constitucionais que ficarão suspensas, e, depois de publica-
do, o Presidente da República designará o executor das medidas específicas e as áreas 
abrangidas"
Art. 138,"Complete a ideia do Art. 138: O decreto do estado de sítio indicará sua duração,...","O decreto do estado de sítio indicará sua duração, as normas necessárias a 
sua execução e as garantias constitucionais que ficarão suspensas, e, depois de publica-
do, o Presidente da República desig..."
Art. 139,Sobre o que dispõe o Art. 139 da CF/88?,Na vigência do estado de sítio decretado com fundamento no art
Art. 139,Complete a ideia do Art. 139: Na vigência do estado de sítio decretado com funda...,"Na vigência do estado de sítio decretado com fundamento no art. 137, I, só 
poderão ser tomadas contra as pessoas as seguintes medidas:
I – obrigação de permanência em localidade determinada;
II – det..."
Art. 140,Sobre o que dispõe o Art. 140 da CF/88?,"A Mesa do Congresso Nacional, ouvidos os líderes partidários, designará 
Comissão composta de cinco de seus membros para acompanhar e fiscalizar a execução 
das medidas referentes ao estado de defesa e ao estado de sítio"
Art. 140,"Complete a ideia do Art. 140: A Mesa do Congresso Nacional, ouvidos os líderes p...","A Mesa do Congresso Nacional, ouvidos os líderes partidários, designará 
Comissão composta de cinco de seus membros para acompanhar e fiscalizar a execução 
das medidas referentes ao estado de defesa ..."
Art. 141,Sobre o que dispõe o Art. 141 da CF/88?,"Cessado o estado de defesa ou o estado de sítio, cessarão também seus 
efeitos, sem prejuízo da responsabilidade pelos ilícitos cometidos por seus executores 
ou agentes"
Art. 141,"Complete a ideia do Art. 141: Cessado o estado de defesa ou o estado de sítio, c...","Cessado o estado de defesa ou o estado de sítio, cessarão também seus 
efeitos, sem prejuízo da responsabilidade pelos ilícitos cometidos por seus executores 
ou agentes.
Parágrafo único. Logo que ces..."
Art. 142,Sobre o que dispõe o Art. 142 da CF/88?,"As Forças Armadas, constituídas pela Marinha, pelo Exército e pela Aeronáu-
tica, são instituições nacionais permanentes e regulares, organizadas com base na hierar-
quia e na disciplina, sob a autoridade suprema do Presidente da República, e destinam-se 
à defesa da Pátria, à garantia dos poderes constitucionais e, por iniciativa de qualquer 
destes, da lei e da ordem"
Art. 142,Quais são os principais pontos/incisos do Art. 142?,Consulte o texto para detalhes sobre a lista de competências ou direitos específicos deste artigo.
Art. 142,Qual a importância estratégica do Art. 142 para a organização do Estado?,Este artigo detalha normas complexas de organização ou competência essenciais para o funcionamento institucional.
Art. 143,Sobre o que dispõe o Art. 143 da CF/88?,O serviço militar é obrigatório nos termos da lei
Art. 143,Complete a ideia do Art. 143: O serviço militar é obrigatório nos termos da lei...,"O serviço militar é obrigatório nos termos da lei.
§ 1o Às Forças Armadas compete, na forma da lei, atribuir serviço alternativo aos que, 
em tempo de paz, após alistados, alegarem imperativo de consc..."
Art. 144,Sobre o que dispõe o Art. 144 da CF/88?,"A segurança pública, dever do Estado, direito e responsabilidade de todos, 
é exercida para a preservação da ordem pública e da incolumidade das pessoas e do 
patrimônio, através dos seguintes órgãos: (EC no 19/98 e EC n o 82/2014)
I – polícia federal;
II – polícia rodoviária federal;
III – polícia ferroviária federal;
IV – polícias civis;
V – polícias militares e corpos de bombeiros militares"
Art. 144,"Complete a ideia do Art. 144: A segurança pública, dever do Estado, direito e re...","A segurança pública, dever do Estado, direito e responsabilidade de todos, 
é exercida para a preservação da ordem pública e da incolumidade das pessoas e do 
patrimônio, através dos seguintes órgãos:..."
Art. 144,Qual a importância estratégica do Art. 144 para a organização do Estado?,Este artigo detalha normas complexas de organização ou competência essenciais para o funcionamento institucional.
Art. 145,Sobre o que dispõe o Art. 145 da CF/88?,"A União, os Estados, o Distrito Federal e os Municípios poderão instituir 
os seguintes tributos:
I – impostos;
II – taxas, em razão do exercício do poder de polícia ou pela utilização, efetiva 
ou potencial, de serviços públicos específicos e divisíveis, prestados ao contribuinte ou 
postos a sua disposição;
III – contribuição de melhoria, decorrente de obras públicas"
Art. 145,"Complete a ideia do Art. 145: A União, os Estados, o Distrito Federal e os Munic...","A União, os Estados, o Distrito Federal e os Municípios poderão instituir 
os seguintes tributos:
I – impostos;
II – taxas, em razão do exercício do poder de polícia ou pela utilização, efetiva 
ou po..."
Art. 146,Sobre o que dispõe o Art. 146 da CF/88?,-A
Art. 146,Complete a ideia do Art. 146: -A...,"-A.  Lei complementar poderá estabelecer critérios especiais de tributação, 
com o objetivo de prevenir desequilíbrios da concorrência, sem prejuízo da competência 
de a União, por lei, estabelecer no..."
Art. 147,Sobre o que dispõe o Art. 147 da CF/88?,"Competem à União, em Território Federal, os impostos estaduais e, se o 
Território não for dividido em Municípios, cumulativamente, os impostos municipais; 
ao Distrito Federal cabem os impostos municipais"
Art. 147,"Complete a ideia do Art. 147: Competem à União, em Território Federal, os impost...","Competem à União, em Território Federal, os impostos estaduais e, se o 
Território não for dividido em Municípios, cumulativamente, os impostos municipais; 
ao Distrito Federal cabem os impostos munic..."
Art. 148,Sobre o que dispõe o Art. 148 da CF/88?,"A União, mediante lei complementar, poderá instituir empréstimos com-
pulsórios:
I – para atender a despesas extraordinárias, decorrentes de calamidade pública, 
de guerra externa ou sua iminência;
II – no caso de investimento público de caráter urgente e de relevante interesse 
nacional, observado o disposto no art"
Art. 148,"Complete a ideia do Art. 148: A União, mediante lei complementar, poderá institu...","A União, mediante lei complementar, poderá instituir empréstimos com-
pulsórios:
I – para atender a despesas extraordinárias, decorrentes de calamidade pública, 
de guerra externa ou sua iminência;
II..."
Art. 149,Sobre o que dispõe o Art. 149 da CF/88?,-A
Art. 149,Complete a ideia do Art. 149: -A...,"-A.  Os Municípios e o Distrito Federal poderão instituir contribuição, na 
forma das respectivas leis, para o custeio do serviço de iluminação pública, observado 
o disposto no art. 150, I e III. (EC..."
Art. 150,Sobre o que dispõe o Art. 150 da CF/88?,"Sem prejuízo de outras garantias asseguradas ao contribuinte, é vedado à União, 
aos Estados, ao Distrito Federal e aos Municípios: (EC no 3/93, EC n o 42/2003 e EC no 75/2013)
I – exigir ou aumentar tributo sem lei que o estabeleça;
II – instituir tratamento desigual entre contribuintes que se encontrem em situação 
equivalente, proibida qualquer distinção em razão de ocupação profissional ou função 
por eles exercida, independentemente da denominação jurídica dos rendimentos, títulos 
ou direitos;
III – cobrar tributos:
a) em relação a fatos geradores ocorridos antes do início da vigência da lei que 
os houver instituído ou aumentado;
b) no mesmo exercício financeiro em que haja sido publicada a lei que os instituiu 
ou aumentou;
c) antes de decorridos noventa dias da data em que haja sido publicada a lei que 
os instituiu ou aumentou, observado o disposto na alínea “b”;
IV – utilizar tributo com efeito de confisco;
V – estabelecer limitações ao tráfego de pessoas ou bens, por meio de tributos 
interestaduais ou intermunicipais, ressalvada a cobrança de pedágio pela utilização de 
vias conservadas pelo Poder Público;
VI – instituir impostos sobre:
a) patrimônio, renda ou serviços, uns dos outros;
b) templos de qualquer culto;
c) patrimônio, renda ou serviços dos partidos políticos, inclusive suas fundações, 
das entidades sindicais dos trabalhadores, das instituições de educação e de 
assistência social, sem fins lucrativos, atendidos os requisitos da lei;
d) livros, jornais, periódicos e o papel destinado a sua impressão;
e) fonogramas e videofonogramas musicais produzidos no Brasil contendo obras 
musicais ou literomusicais de autores brasileiros e/ou obras em geral inter -
pretadas por artistas brasileiros bem como os suportes materiais ou arquivos 
digitais que os contenham, salvo na etapa de replicação industrial de mídias 
ópticas de leitura a laser"
Art. 150,Complete a ideia do Art. 150: Sem prejuízo de outras garantias asseguradas ao co...,"Sem prejuízo de outras garantias asseguradas ao contribuinte, é vedado à União, 
aos Estados, ao Distrito Federal e aos Municípios: (EC no 3/93, EC n o 42/2003 e EC no 75/2013)
I – exigir ou aumentar ..."
Art. 150,Qual a importância estratégica do Art. 150 para a organização do Estado?,Este artigo detalha normas complexas de organização ou competência essenciais para o funcionamento institucional.
Art. 151,Sobre o que dispõe o Art. 151 da CF/88?,"É vedado à União:
I – instituir tributo que não seja uniforme em todo o território nacional ou que 
implique distinção ou preferência em relação a Estado, ao Distrito Federal ou a Muni-
cípio, em detrimento de outro, admitida a concessão de incentivos fiscais destinados 
a promover o equilíbrio do desenvolvimento sócio-econômico entre as diferentes 
regiões do País;
II – tributar a renda das obrigações da dívida pública dos Estados, do Distrito 
Federal e dos Municípios, bem como a remuneração e os proventos dos respectivos 
agentes públicos, em níveis superiores aos que fixar para suas obrigações e para seus 
agentes;
III – instituir isenções de tributos da competência dos Estados, do Distrito Federal 
ou dos Municípios"
Art. 151,"Complete a ideia do Art. 151: É vedado à União:
I – instituir tributo que não se...","É vedado à União:
I – instituir tributo que não seja uniforme em todo o território nacional ou que 
implique distinção ou preferência em relação a Estado, ao Distrito Federal ou a Muni-
cípio, em detr..."
Art. 152,Sobre o que dispõe o Art. 152 da CF/88?,"É vedado aos Estados, ao Distrito Federal e aos Municípios estabelecer 
diferença tributária entre bens e serviços, de qualquer natureza, em razão de sua pro -
cedência ou destino"
Art. 152,"Complete a ideia do Art. 152: É vedado aos Estados, ao Distrito Federal e aos Mu...","É vedado aos Estados, ao Distrito Federal e aos Municípios estabelecer 
diferença tributária entre bens e serviços, de qualquer natureza, em razão de sua pro -
cedência ou destino.
SEÇÃO III –  
Dos I..."
Art. 153,Sobre o que dispõe o Art. 153 da CF/88?,"Compete à União instituir impostos sobre: (EC no 20/98 e EC n o 42/2003)
I – importação de produtos estrangeiros;
II – exportação, para o exterior, de produtos nacionais ou nacionalizados;
III – renda e proventos de qualquer natureza;
IV – produtos industrializados;
V – operações de crédito, câmbio e seguro, ou relativas a títulos ou valores mo -
biliários;
VI – propriedade territorial rural;
VII – grandes fortunas, nos termos de lei complementar"
Art. 153,Quais são os principais pontos/incisos do Art. 153?,Consulte o texto para detalhes sobre a lista de competências ou direitos específicos deste artigo.
Art. 153,Qual a importância estratégica do Art. 153 para a organização do Estado?,Este artigo detalha normas complexas de organização ou competência essenciais para o funcionamento institucional.
Art. 154,Sobre o que dispõe o Art. 154 da CF/88?,"A União poderá instituir:
I – mediante lei complementar, impostos não previstos no artigo anterior, desde 
que sejam não-cumulativos e não tenham fato gerador ou base de cálculo próprios dos 
discriminados nesta Constituição;
II – na iminência ou no caso de guerra externa, impostos extraordinários, com -
preendidos ou não em sua competência tributária, os quais serão suprimidos, gradati-
vamente, cessadas as causas de sua criação"
Art. 154,"Complete a ideia do Art. 154: A União poderá instituir:
I – mediante lei complem...","A União poderá instituir:
I – mediante lei complementar, impostos não previstos no artigo anterior, desde 
que sejam não-cumulativos e não tenham fato gerador ou base de cálculo próprios dos 
discrimi..."
Art. 155,Sobre o que dispõe o Art. 155 da CF/88?,"Compete aos Estados e ao Distrito Federal instituir impostos sobre: 
(EC n o 3/93, EC n o 33/2001, EC n o 42/2003 e EC n o 87/2015)
I – transmissão causa mortis e doação, de quaisquer bens ou direitos;
II – operações relativas à circulação de mercadorias e sobre prestações de serviços 
de transporte interestadual e intermunicipal e de comunicação, ainda que as operações 
e as prestações se iniciem no exterior;
III – propriedade de veículos automotores"
Art. 155,Complete a ideia do Art. 155: Compete aos Estados e ao Distrito Federal institui...,"Compete aos Estados e ao Distrito Federal instituir impostos sobre: 
(EC n o 3/93, EC n o 33/2001, EC n o 42/2003 e EC n o 87/2015)
I – transmissão causa mortis e doação, de quaisquer bens ou direitos..."
Art. 155,Qual a importância estratégica do Art. 155 para a organização do Estado?,Este artigo detalha normas complexas de organização ou competência essenciais para o funcionamento institucional.
Art. 156,Sobre o que dispõe o Art. 156 da CF/88?,"Compete aos Municípios instituir impostos sobre: (EC no 3/93, EC n o 29/2000 
e EC n o 37/2002)
I – propriedade predial e territorial urbana;
II – transmissão inter vivos, a qualquer título, por ato oneroso, de bens imóveis, 
por natureza ou acessão física, e de direitos reais sobre imóveis, exceto os de garantia, 
bem como cessão de direitos a sua aquisição;
III – serviços de qualquer natureza, não compreendidos no art"
Art. 156,Complete a ideia do Art. 156: Compete aos Municípios instituir impostos sobre: (...,"Compete aos Municípios instituir impostos sobre: (EC no 3/93, EC n o 29/2000 
e EC n o 37/2002)
I – propriedade predial e territorial urbana;
II – transmissão inter vivos, a qualquer título, por ato o..."
Art. 156,Qual a importância estratégica do Art. 156 para a organização do Estado?,Este artigo detalha normas complexas de organização ou competência essenciais para o funcionamento institucional.
Art. 157,Sobre o que dispõe o Art. 157 da CF/88?,"Pertencem aos Estados e ao Distrito Federal:
I – o produto da arrecadação do imposto da União sobre renda e proventos de 
qualquer natureza, incidente na fonte, sobre rendimentos pagos, a qualquer título, por 
eles, suas autarquias e pelas fundações que instituírem e mantiverem;
II – vinte por cento do produto da arrecadação do imposto que a União instituir 
no exercício da competência que lhe é atribuída pelo art"
Art. 157,"Complete a ideia do Art. 157: Pertencem aos Estados e ao Distrito Federal:
I – o...","Pertencem aos Estados e ao Distrito Federal:
I – o produto da arrecadação do imposto da União sobre renda e proventos de 
qualquer natureza, incidente na fonte, sobre rendimentos pagos, a qualquer tít..."
Art. 158,Sobre o que dispõe o Art. 158 da CF/88?,"Pertencem aos Municípios: (EC n o 42/2003)
I – o produto da arrecadação do imposto da União sobre renda e proventos de 
qualquer natureza, incidente na fonte, sobre rendimentos pagos, a qualquer título, por 
eles, suas autarquias e pelas fundações que instituírem e mantiverem;
II – cinqüenta por cento do produto da arrecadação do imposto da União sobre 
a propriedade territorial rural, relativamente aos imóveis neles situados, cabendo a 
totalidade na hipótese da opção a que se refere o art"
Art. 158,"Complete a ideia do Art. 158: Pertencem aos Municípios: (EC n o 42/2003)
I – o p...","Pertencem aos Municípios: (EC n o 42/2003)
I – o produto da arrecadação do imposto da União sobre renda e proventos de 
qualquer natureza, incidente na fonte, sobre rendimentos pagos, a qualquer títul..."
Art. 158,Qual a importância estratégica do Art. 158 para a organização do Estado?,Este artigo detalha normas complexas de organização ou competência essenciais para o funcionamento institucional.
Art. 159,Sobre o que dispõe o Art. 159 da CF/88?,"A União entregará: (EC  n o  42/2003, EC  n o  44/2004, EC  n o  55/2007 e 
EC n o 84/2014)
I – do produto da arrecadação dos impostos sobre renda e proventos de qualquer 
natureza e sobre produtos industrializados, 49% (quarenta e nove por cento), na seguinte 
forma:
a) vinte e um inteiros e cinco décimos por cento ao Fundo de Participação dos 
Estados e do Distrito Federal;
b) vinte e dois inteiros e cinco décimos por cento ao Fundo de Participação dos 
Municípios;
c) três por cento, para aplicação em programas de financiamento ao setor produ-
tivo das Regiões Norte, Nordeste e Centro-Oeste, através de suas instituições 
financeiras de caráter regional, de acordo com os planos regionais de desenvol-
vimento, ficando assegurada ao semi-árido do Nordeste a metade dos recursos 
destinados à Região, na forma que a lei estabelecer;
101Da Tributação e do Orçamento

d) um por cento ao Fundo de Participação dos Municípios, que será entregue no 
primeiro decêndio do mês de dezembro de cada ano;
e) 1% (um por cento) ao Fundo de Participação dos Municípios, que será entregue 
no primeiro decêndio do mês de julho de cada ano;
II – do produto da arrecadação do imposto sobre produtos industrializados, dez 
por cento aos Estados e ao Distrito Federal, proporcionalmente ao valor das respectivas 
exportações de produtos industrializados;
III – do produto da arrecadação da contribuição de intervenção no domínio 
econômico prevista no art"
Art. 159,"Complete a ideia do Art. 159: A União entregará: (EC  n o  42/2003, EC  n o  44/...","A União entregará: (EC  n o  42/2003, EC  n o  44/2004, EC  n o  55/2007 e 
EC n o 84/2014)
I – do produto da arrecadação dos impostos sobre renda e proventos de qualquer 
natureza e sobre produtos in..."
Art. 159,Qual a importância estratégica do Art. 159 para a organização do Estado?,Este artigo detalha normas complexas de organização ou competência essenciais para o funcionamento institucional.
Art. 160,Sobre o que dispõe o Art. 160 da CF/88?,"É vedada a retenção ou qualquer restrição à entrega e ao emprego dos re-
cursos atribuídos, nesta seção, aos Estados, ao Distrito Federal e aos Municípios, neles 
compreendidos adicionais e acréscimos relativos a impostos"
Art. 160,Quais são os principais pontos/incisos do Art. 160?,Consulte o texto para detalhes sobre a lista de competências ou direitos específicos deste artigo.
Art. 161,Sobre o que dispõe o Art. 161 da CF/88?,"Cabe à lei complementar:
I – definir valor adicionado para fins do disposto no art"
Art. 161,"Complete a ideia do Art. 161: Cabe à lei complementar:
I – definir valor adicion...","Cabe à lei complementar:
I – definir valor adicionado para fins do disposto no art. 158, parágrafo único, I;
II – estabelecer normas sobre a entrega dos recursos de que trata o art. 159, espe-
cialmen..."
Art. 162,Sobre o que dispõe o Art. 162 da CF/88?,"A União, os Estados, o Distrito Federal e os Municípios divulgarão, até o 
último dia do mês subseqüente ao da arrecadação, os montantes de cada um dos tributos 
arrecadados, os recursos recebidos, os valores de origem tributária entregues e a entregar 
e a expressão numérica dos critérios de rateio"
Art. 162,"Complete a ideia do Art. 162: A União, os Estados, o Distrito Federal e os Munic...","A União, os Estados, o Distrito Federal e os Municípios divulgarão, até o 
último dia do mês subseqüente ao da arrecadação, os montantes de cada um dos tributos 
arrecadados, os recursos recebidos, os..."
Art. 163,Sobre o que dispõe o Art. 163 da CF/88?,"Lei complementar disporá sobre: (EC n o 40/2003)
I – finanças públicas;
II – dívida pública externa e interna, incluída a das autarquias, fundações e demais 
entidades controladas pelo Poder Público;
III – concessão de garantias pelas entidades públicas;
IV – emissão e resgate de títulos da dívida pública;
V – fiscalização financeira da administração pública direta e indireta;
VI – operações de câmbio realizadas por órgãos e entidades da União, dos Estados, 
do Distrito Federal e dos Municípios;
VII – compatibilização das funções das instituições oficiais de crédito da União, 
resguardadas as características e condições operacionais plenas das voltadas ao desen-
volvimento regional"
Art. 163,"Complete a ideia do Art. 163: Lei complementar disporá sobre: (EC n o 40/2003)
I...","Lei complementar disporá sobre: (EC n o 40/2003)
I – finanças públicas;
II – dívida pública externa e interna, incluída a das autarquias, fundações e demais 
entidades controladas pelo Poder Público;
..."
Art. 164,Sobre o que dispõe o Art. 164 da CF/88?,"A competência da União para emitir moeda será exercida exclusivamente 
pelo banco central"
Art. 164,Complete a ideia do Art. 164: A competência da União para emitir moeda será exer...,"A competência da União para emitir moeda será exercida exclusivamente 
pelo banco central.
§ 1o É vedado ao banco central conceder, direta ou indiretamente, empréstimos ao 
Tesouro Nacional e a qualqu..."
Art. 165,Sobre o que dispõe o Art. 165 da CF/88?,"Leis de iniciativa do Poder Executivo estabelecerão: (EC n o 86/2015)
I – o plano plurianual;
II – as diretrizes orçamentárias;
III – os orçamentos anuais"
Art. 165,Complete a ideia do Art. 165: Leis de iniciativa do Poder Executivo estabelecerã...,"Leis de iniciativa do Poder Executivo estabelecerão: (EC n o 86/2015)
I – o plano plurianual;
II – as diretrizes orçamentárias;
III – os orçamentos anuais.
§ 1o A lei que instituir o plano plurianual ..."
Art. 165,Qual a importância estratégica do Art. 165 para a organização do Estado?,Este artigo detalha normas complexas de organização ou competência essenciais para o funcionamento institucional.
Art. 166,Sobre o que dispõe o Art. 166 da CF/88?,"Os projetos de lei relativos ao plano plurianual, às diretrizes orçamentárias, 
ao orçamento anual e aos créditos adicionais serão apreciados pelas duas Casas do Con-
gresso Nacional, na forma do regimento comum"
Art. 166,"Complete a ideia do Art. 166: Os projetos de lei relativos ao plano plurianual, ...","Os projetos de lei relativos ao plano plurianual, às diretrizes orçamentárias, 
ao orçamento anual e aos créditos adicionais serão apreciados pelas duas Casas do Con-
gresso Nacional, na forma do regi..."
Art. 166,Qual a importância estratégica do Art. 166 para a organização do Estado?,Este artigo detalha normas complexas de organização ou competência essenciais para o funcionamento institucional.
Art. 167,Sobre o que dispõe o Art. 167 da CF/88?,"São vedados: (EC  n o  3/93, EC  n o  19/98, EC  n o  20/98, EC  n o  29/2000, 
EC n o 42/2003 e EC n o 85/2015)
I – o início de programas ou projetos não incluídos na lei orçamentária anual;
II – a realização de despesas ou a assunção de obrigações diretas que excedam os 
créditos orçamentários ou adicionais;
III – a realização de operações de créditos que excedam o montante das despesas 
de capital, ressalvadas as autorizadas mediante créditos suplementares ou especiais com 
finalidade precisa, aprovados pelo Poder Legislativo por maioria absoluta;
IV – a vinculação de receita de impostos a órgão, fundo ou despesa, ressalvadas a 
repartição do produto da arrecadação dos impostos a que se referem os arts"
Art. 167,"Complete a ideia do Art. 167: São vedados: (EC  n o  3/93, EC  n o  19/98, EC  n...","São vedados: (EC  n o  3/93, EC  n o  19/98, EC  n o  20/98, EC  n o  29/2000, 
EC n o 42/2003 e EC n o 85/2015)
I – o início de programas ou projetos não incluídos na lei orçamentária anual;
II – a r..."
Art. 167,Qual a importância estratégica do Art. 167 para a organização do Estado?,Este artigo detalha normas complexas de organização ou competência essenciais para o funcionamento institucional.
Art. 168,Sobre o que dispõe o Art. 168 da CF/88?,"Os recursos correspondentes às dotações orçamentárias, compreendidos 
os créditos suplementares e especiais, destinados aos órgãos dos Poderes Legislativo e 
Judiciário, do Ministério Público e da Defensoria Pública, ser-lhes-ão entregues até o 
dia 20 de cada mês, em duodécimos, na forma da lei complementar a que se refere o 
art"
Art. 168,Complete a ideia do Art. 168: Os recursos correspondentes às dotações orçamentár...,"Os recursos correspondentes às dotações orçamentárias, compreendidos 
os créditos suplementares e especiais, destinados aos órgãos dos Poderes Legislativo e 
Judiciário, do Ministério Público e da Def..."
Art. 169,Sobre o que dispõe o Art. 169 da CF/88?,"A despesa com pessoal ativo e inativo da União, dos Estados, do Distrito 
Federal e dos Municípios não poderá exceder os limites estabelecidos em lei comple -
mentar"
Art. 169,"Complete a ideia do Art. 169: A despesa com pessoal ativo e inativo da União, do...","A despesa com pessoal ativo e inativo da União, dos Estados, do Distrito 
Federal e dos Municípios não poderá exceder os limites estabelecidos em lei comple -
mentar. (EC n o 19/98)
§ 1o A concessão d..."
Art. 169,Qual a importância estratégica do Art. 169 para a organização do Estado?,Este artigo detalha normas complexas de organização ou competência essenciais para o funcionamento institucional.
Art. 170,Sobre o que dispõe o Art. 170 da CF/88?,"A ordem econômica, fundada na valorização do trabalho humano e na livre 
iniciativa, tem por fim assegurar a todos existência digna, conforme os ditames da justiça 
social, observados os seguintes princípios: (EC n o 6/95 e EC n o 42/2003)
I – soberania nacional;
II – propriedade privada;
III – função social da propriedade;
IV – livre concorrência;
V – defesa do consumidor;
VI – defesa do meio ambiente, inclusive mediante tratamento diferenciado con-
forme o impacto ambiental dos produtos e serviços e de seus processos de elaboração 
e prestação;
VII – redução das desigualdades regionais e sociais;
VIII – busca do pleno emprego;
IX – tratamento favorecido para as empresas de pequeno porte constituídas sob 
as leis brasileiras e que tenham sua sede e administração no País"
Art. 170,"Complete a ideia do Art. 170: A ordem econômica, fundada na valorização do traba...","A ordem econômica, fundada na valorização do trabalho humano e na livre 
iniciativa, tem por fim assegurar a todos existência digna, conforme os ditames da justiça 
social, observados os seguintes pri..."
Art. 171,Sobre o que dispõe o Art. 171 da CF/88?,(Revogado) (EC n o 6/95)
Art. 171,Complete a ideia do Art. 171: (Revogado) (EC n o 6/95)...,(Revogado) (EC n o 6/95)
Art. 172,Sobre o que dispõe o Art. 172 da CF/88?,"A lei disciplinará, com base no interesse nacional, os investimentos de capital 
estrangeiro, incentivará os reinvestimentos e regulará a remessa de lucros"
Art. 172,"Complete a ideia do Art. 172: A lei disciplinará, com base no interesse nacional...","A lei disciplinará, com base no interesse nacional, os investimentos de capital 
estrangeiro, incentivará os reinvestimentos e regulará a remessa de lucros."
Art. 173,Sobre o que dispõe o Art. 173 da CF/88?,"Ressalvados os casos previstos nesta Constituição, a exploração direta de 
atividade econômica pelo Estado só será permitida quando necessária aos imperativos 
da segurança nacional ou a relevante interesse coletivo, conforme definidos em lei"
Art. 173,"Complete a ideia do Art. 173: Ressalvados os casos previstos nesta Constituição,...","Ressalvados os casos previstos nesta Constituição, a exploração direta de 
atividade econômica pelo Estado só será permitida quando necessária aos imperativos 
da segurança nacional ou a relevante int..."
Art. 173,Qual a importância estratégica do Art. 173 para a organização do Estado?,Este artigo detalha normas complexas de organização ou competência essenciais para o funcionamento institucional.
Art. 174,Sobre o que dispõe o Art. 174 da CF/88?,"Como agente normativo e regulador da atividade econômica, o Estado 
exercerá, na forma da lei, as funções de fiscalização, incentivo e planejamento, sendo 
este determinante para o setor público e indicativo para o setor privado"
Art. 174,Complete a ideia do Art. 174: Como agente normativo e regulador da atividade eco...,"Como agente normativo e regulador da atividade econômica, o Estado 
exercerá, na forma da lei, as funções de fiscalização, incentivo e planejamento, sendo 
este determinante para o setor público e ind..."
Art. 175,Sobre o que dispõe o Art. 175 da CF/88?,"Incumbe ao Poder Público, na forma da lei, diretamente ou sob regime de 
concessão ou permissão, sempre através de licitação, a prestação de serviços públicos"
Art. 175,"Complete a ideia do Art. 175: Incumbe ao Poder Público, na forma da lei, diretam...","Incumbe ao Poder Público, na forma da lei, diretamente ou sob regime de 
concessão ou permissão, sempre através de licitação, a prestação de serviços públicos.
Parágrafo único. A lei disporá sobre:
I ..."
Art. 176,Sobre o que dispõe o Art. 176 da CF/88?,"As jazidas, em lavra ou não, e demais recursos minerais e os potenciais de 
energia hidráulica constituem propriedade distinta da do solo, para efeito de exploração 
ou aproveitamento, e pertencem à União, garantida ao concessionário a propriedade do 
produto da lavra"
Art. 176,"Complete a ideia do Art. 176: As jazidas, em lavra ou não, e demais recursos min...","As jazidas, em lavra ou não, e demais recursos minerais e os potenciais de 
energia hidráulica constituem propriedade distinta da do solo, para efeito de exploração 
ou aproveitamento, e pertencem à U..."
Art. 176,Qual a importância estratégica do Art. 176 para a organização do Estado?,Este artigo detalha normas complexas de organização ou competência essenciais para o funcionamento institucional.
Art. 177,Sobre o que dispõe o Art. 177 da CF/88?,"Constituem monopólio da União: (EC  n o  9/95, EC  n o  33/2001 e 
EC n o 49/2006)
I – a pesquisa e a lavra das jazidas de petróleo e gás natural e outros hidrocarbo-
netos fluidos;
II – a refinação do petróleo nacional ou estrangeiro;
III – a importação e exportação dos produtos e derivados básicos resultantes das 
atividades previstas nos incisos anteriores;
IV – o transporte marítimo do petróleo bruto de origem nacional ou de derivados 
básicos de petróleo produzidos no País, bem assim o transporte, por meio de conduto, 
de petróleo bruto, seus derivados e gás natural de qualquer origem;
V – a pesquisa, a lavra, o enriquecimento, o reprocessamento, a industrialização 
e o comércio de minérios e minerais nucleares e seus derivados, com exceção dos ra -
dioisótopos cuja produção, comercialização e utilização poderão ser autorizadas sob 
regime de permissão, conforme as alíneas “b” e “c” do inciso XXIII do caput do art"
Art. 177,Quais são os principais pontos/incisos do Art. 177?,Consulte o texto para detalhes sobre a lista de competências ou direitos específicos deste artigo.
Art. 177,Qual a importância estratégica do Art. 177 para a organização do Estado?,Este artigo detalha normas complexas de organização ou competência essenciais para o funcionamento institucional.
Art. 178,Sobre o que dispõe o Art. 178 da CF/88?,"A lei disporá sobre a ordenação dos transportes aéreo, aquático e terrestre, 
devendo, quanto à ordenação do transporte internacional, observar os acordos firmados 
pela União, atendido o princípio da reciprocidade"
Art. 178,Complete a ideia do Art. 178: A lei disporá sobre a ordenação dos transportes aé...,"A lei disporá sobre a ordenação dos transportes aéreo, aquático e terrestre, 
devendo, quanto à ordenação do transporte internacional, observar os acordos firmados 
pela União, atendido o princípio da..."
Art. 179,Sobre o que dispõe o Art. 179 da CF/88?,"A União, os Estados, o Distrito Federal e os Municípios dispensarão às 
microempresas e às empresas de pequeno porte, assim definidas em lei, tratamento 
jurídico diferenciado, visando a incentivá-las pela simplificação de suas obrigações ad-
ministrativas, tributárias, previdenciárias e creditícias, ou pela eliminação ou redução 
destas por meio de lei"
Art. 179,"Complete a ideia do Art. 179: A União, os Estados, o Distrito Federal e os Munic...","A União, os Estados, o Distrito Federal e os Municípios dispensarão às 
microempresas e às empresas de pequeno porte, assim definidas em lei, tratamento 
jurídico diferenciado, visando a incentivá-las..."
Art. 180,Sobre o que dispõe o Art. 180 da CF/88?,"A União, os Estados, o Distrito Federal e os Municípios promoverão e in-
centivarão o turismo como fator de desenvolvimento social e econômico"
Art. 180,"Complete a ideia do Art. 180: A União, os Estados, o Distrito Federal e os Munic...","A União, os Estados, o Distrito Federal e os Municípios promoverão e in-
centivarão o turismo como fator de desenvolvimento social e econômico."
Art. 181,Sobre o que dispõe o Art. 181 da CF/88?,"O atendimento de requisição de documento ou informação de natureza 
comercial, feita por autoridade administrativa ou judiciária estrangeira, a pessoa física ou 
jurídica residente ou domiciliada no País dependerá de autorização do Poder competente"
Art. 181,Complete a ideia do Art. 181: O atendimento de requisição de documento ou inform...,"O atendimento de requisição de documento ou informação de natureza 
comercial, feita por autoridade administrativa ou judiciária estrangeira, a pessoa física ou 
jurídica residente ou domiciliada no P..."
Art. 182,Sobre o que dispõe o Art. 182 da CF/88?,"A política de desenvolvimento urbano, executada pelo Poder Público 
municipal, conforme diretrizes gerais fixadas em lei, tem por objetivo ordenar o pleno 
desenvolvimento das funções sociais da cidade e garantir o bem-estar de seus habitantes"
Art. 182,"Complete a ideia do Art. 182: A política de desenvolvimento urbano, executada pe...","A política de desenvolvimento urbano, executada pelo Poder Público 
municipal, conforme diretrizes gerais fixadas em lei, tem por objetivo ordenar o pleno 
desenvolvimento das funções sociais da cidad..."
Art. 182,Qual a importância estratégica do Art. 182 para a organização do Estado?,Este artigo detalha normas complexas de organização ou competência essenciais para o funcionamento institucional.
Art. 183,Sobre o que dispõe o Art. 183 da CF/88?,"Aquele que possuir como sua área urbana de até duzentos e cinqüenta metros 
quadrados, por cinco anos, ininterruptamente e sem oposição, utilizando-a para sua 
moradia ou de sua família, adquirir-lhe-á o domínio, desde que não seja proprietário 
de outro imóvel urbano ou rural"
Art. 183,Complete a ideia do Art. 183: Aquele que possuir como sua área urbana de até duz...,"Aquele que possuir como sua área urbana de até duzentos e cinqüenta metros 
quadrados, por cinco anos, ininterruptamente e sem oposição, utilizando-a para sua 
moradia ou de sua família, adquirir-lhe-..."
Art. 184,Sobre o que dispõe o Art. 184 da CF/88?,"Compete à União desapropriar por interesse social, para fins de reforma 
agrária, o imóvel rural que não esteja cumprindo sua função social, mediante prévia e 
justa indenização em títulos da dívida agrária, com cláusula de preservação do valor 
real, resgatáveis no prazo de até vinte anos, a partir do segundo ano de sua emissão, e 
cuja utilização será definida em lei"
Art. 184,"Complete a ideia do Art. 184: Compete à União desapropriar por interesse social,...","Compete à União desapropriar por interesse social, para fins de reforma 
agrária, o imóvel rural que não esteja cumprindo sua função social, mediante prévia e 
justa indenização em títulos da dívida a..."
Art. 184,Qual a importância estratégica do Art. 184 para a organização do Estado?,Este artigo detalha normas complexas de organização ou competência essenciais para o funcionamento institucional.
Art. 185,Sobre o que dispõe o Art. 185 da CF/88?,"São insuscetíveis de desapropriação para fins de reforma agrária:
I – a pequena e média propriedade rural, assim definida em lei, desde que seu 
proprietário não possua outra;
II – a propriedade produtiva"
Art. 185,Complete a ideia do Art. 185: São insuscetíveis de desapropriação para fins de r...,"São insuscetíveis de desapropriação para fins de reforma agrária:
I – a pequena e média propriedade rural, assim definida em lei, desde que seu 
proprietário não possua outra;
II – a propriedade produ..."
Art. 186,Sobre o que dispõe o Art. 186 da CF/88?,"A função social é cumprida quando a propriedade rural atende, simulta -
neamente, segundo critérios e graus de exigência estabelecidos em lei, aos seguintes 
requisitos:
I – aproveitamento racional e adequado;
II – utilização adequada dos recursos naturais disponíveis e preservação do meio 
ambiente;
III – observância das disposições que regulam as relações de trabalho;
IV – exploração que favoreça o bem-estar dos proprietários e dos trabalhadores"
Art. 186,Complete a ideia do Art. 186: A função social é cumprida quando a propriedade ru...,"A função social é cumprida quando a propriedade rural atende, simulta -
neamente, segundo critérios e graus de exigência estabelecidos em lei, aos seguintes 
requisitos:
I – aproveitamento racional e ..."
Art. 187,Sobre o que dispõe o Art. 187 da CF/88?,"A política agrícola será planejada e executada na forma da lei, com a par -
ticipação efetiva do setor de produção, envolvendo produtores e trabalhadores rurais, 
bem como dos setores de comercialização, de armazenamento e de transportes, levando 
em conta, especialmente:
I – os instrumentos creditícios e fiscais;
II – os preços compatíveis com os custos de produção e a garantia de comercia -
lização;
III – o incentivo à pesquisa e à tecnologia;
IV – a assistência técnica e extensão rural;
113Da Ordem Econômica e Financeira

V – o seguro agrícola;
VI – o cooperativismo;
VII – a eletrificação rural e irrigação;
VIII – a habitação para o trabalhador rural"
Art. 187,Complete a ideia do Art. 187: A política agrícola será planejada e executada na ...,"A política agrícola será planejada e executada na forma da lei, com a par -
ticipação efetiva do setor de produção, envolvendo produtores e trabalhadores rurais, 
bem como dos setores de comercializaç..."
Art. 188,Sobre o que dispõe o Art. 188 da CF/88?,"A destinação de terras públicas e devolutas será compatibilizada com a 
política agrícola e com o plano nacional de reforma agrária"
Art. 188,Complete a ideia do Art. 188: A destinação de terras públicas e devolutas será c...,"A destinação de terras públicas e devolutas será compatibilizada com a 
política agrícola e com o plano nacional de reforma agrária.
§ 1o A alienação ou a concessão, a qualquer título, de terras públi..."
Art. 189,Sobre o que dispõe o Art. 189 da CF/88?,"Os beneficiários da distribuição de imóveis rurais pela reforma agrária re-
ceberão títulos de domínio ou de concessão de uso, inegociáveis pelo prazo de dez anos"
Art. 189,Complete a ideia do Art. 189: Os beneficiários da distribuição de imóveis rurais...,"Os beneficiários da distribuição de imóveis rurais pela reforma agrária re-
ceberão títulos de domínio ou de concessão de uso, inegociáveis pelo prazo de dez anos.
Parágrafo único. O título de domínio..."
Art. 190,Sobre o que dispõe o Art. 190 da CF/88?,"A lei regulará e limitará a aquisição ou o arrendamento de propriedade 
rural por pessoa física ou jurídica estrangeira e estabelecerá os casos que dependerão 
de autorização do Congresso Nacional"
Art. 190,Complete a ideia do Art. 190: A lei regulará e limitará a aquisição ou o arrenda...,"A lei regulará e limitará a aquisição ou o arrendamento de propriedade 
rural por pessoa física ou jurídica estrangeira e estabelecerá os casos que dependerão 
de autorização do Congresso Nacional."
Art. 191,Sobre o que dispõe o Art. 191 da CF/88?,"Aquele que, não sendo proprietário de imóvel rural ou urbano, possua 
como seu, por cinco anos ininterruptos, sem oposição, área de terra, em zona rural, não 
superior a cinqüenta hectares, tornando-a produtiva por seu trabalho ou de sua família, 
tendo nela sua moradia, adquirir-lhe-á a propriedade"
Art. 191,"Complete a ideia do Art. 191: Aquele que, não sendo proprietário de imóvel rural...","Aquele que, não sendo proprietário de imóvel rural ou urbano, possua 
como seu, por cinco anos ininterruptos, sem oposição, área de terra, em zona rural, não 
superior a cinqüenta hectares, tornando-a..."
Art. 192,Sobre o que dispõe o Art. 192 da CF/88?,"O sistema financeiro nacional, estruturado de forma a promover o desen-
volvimento equilibrado do País e a servir aos interesses da coletividade, em todas as 
partes que o compõem, abrangendo as cooperativas de crédito, será regulado por leis 
complementares que disporão, inclusive, sobre a participação do capital estrangeiro nas 
instituições que o integram"
Art. 192,"Complete a ideia do Art. 192: O sistema financeiro nacional, estruturado de form...","O sistema financeiro nacional, estruturado de forma a promover o desen-
volvimento equilibrado do País e a servir aos interesses da coletividade, em todas as 
partes que o compõem, abrangendo as coope..."
Art. 193,Sobre o que dispõe o Art. 193 da CF/88?,"A ordem social tem como base o primado do trabalho, e como objetivo o 
bem-estar e a justiça sociais"
Art. 193,Complete a ideia do Art. 193: A ordem social tem como base o primado do trabalho...,"A ordem social tem como base o primado do trabalho, e como objetivo o 
bem-estar e a justiça sociais.
CAPÍTULO II –  
Da Seguridade Social
SEÇÃO I –  
Disposições Gerais"
Art. 194,Sobre o que dispõe o Art. 194 da CF/88?,"A seguridade social compreende um conjunto integrado de ações de ini -
ciativa dos Poderes Públicos e da sociedade, destinadas a assegurar os direitos relativos 
à saúde, à previdência e à assistência social"
Art. 194,Complete a ideia do Art. 194: A seguridade social compreende um conjunto integra...,"A seguridade social compreende um conjunto integrado de ações de ini -
ciativa dos Poderes Públicos e da sociedade, destinadas a assegurar os direitos relativos 
à saúde, à previdência e à assistência..."
Art. 195,Sobre o que dispõe o Art. 195 da CF/88?,"A seguridade social será financiada por toda a sociedade, de forma direta e 
indireta, nos termos da lei, mediante recursos provenientes dos orçamentos da União, 
dos Estados, do Distrito Federal e dos Municípios, e das seguintes contribuições sociais: 
(EC n o 20/98, EC n o 42/2003 e EC n o 47/2005)
I – do empregador, da empresa e da entidade a ela equiparada na forma da lei, 
incidentes sobre:
a) a folha de salários e demais rendimentos do trabalho pagos ou creditados, 
a qualquer título, à pessoa física que lhe preste serviço, mesmo sem vínculo 
empregatício;
b) a receita ou o faturamento;
c) o lucro;
II – do trabalhador e dos demais segurados da previdência social, não incidindo 
contribuição sobre aposentadoria e pensão concedidas pelo regime geral de previdência 
social de que trata o art"
Art. 195,Quais são os principais pontos/incisos do Art. 195?,Consulte o texto para detalhes sobre a lista de competências ou direitos específicos deste artigo.
Art. 195,Qual a importância estratégica do Art. 195 para a organização do Estado?,Este artigo detalha normas complexas de organização ou competência essenciais para o funcionamento institucional.
Art. 196,Sobre o que dispõe o Art. 196 da CF/88?,"A saúde é direito de todos e dever do Estado, garantido mediante políticas 
sociais e econômicas que visem à redução do risco de doença e de outros agravos e ao 
Constituição da República Federativa do Brasil
118

acesso universal e igualitário às ações e serviços para sua promoção, proteção e recu -
peração"
Art. 196,"Complete a ideia do Art. 196: A saúde é direito de todos e dever do Estado, gara...","A saúde é direito de todos e dever do Estado, garantido mediante políticas 
sociais e econômicas que visem à redução do risco de doença e de outros agravos e ao 
Constituição da República Federativa d..."
Art. 197,Sobre o que dispõe o Art. 197 da CF/88?,"São de relevância pública as ações e serviços de saúde, cabendo ao Poder 
Público dispor, nos termos da lei, sobre sua regulamentação, fiscalização e controle, de-
vendo sua execução ser feita diretamente ou através de terceiros e, também, por pessoa 
física ou jurídica de direito privado"
Art. 197,Complete a ideia do Art. 197: São de relevância pública as ações e serviços de s...,"São de relevância pública as ações e serviços de saúde, cabendo ao Poder 
Público dispor, nos termos da lei, sobre sua regulamentação, fiscalização e controle, de-
vendo sua execução ser feita diretam..."
Art. 198,Sobre o que dispõe o Art. 198 da CF/88?,"As ações e serviços públicos de saúde integram uma rede regionalizada e 
hierarquizada e constituem um sistema único, organizado de acordo com as seguintes 
diretrizes: (EC n o 29/2000, EC n o 51/2006, EC n o 63/2010 e EC n o 86/2015)
I – descentralização, com direção única em cada esfera de governo;
II – atendimento integral, com prioridade para as atividades preventivas, sem 
prejuízo dos serviços assistenciais;
III – participação da comunidade"
Art. 198,Quais são os principais pontos/incisos do Art. 198?,Consulte o texto para detalhes sobre a lista de competências ou direitos específicos deste artigo.
Art. 198,Qual a importância estratégica do Art. 198 para a organização do Estado?,Este artigo detalha normas complexas de organização ou competência essenciais para o funcionamento institucional.
Art. 199,Sobre o que dispõe o Art. 199 da CF/88?,A assistência à saúde é livre à iniciativa privada
Art. 199,Complete a ideia do Art. 199: A assistência à saúde é livre à iniciativa privada...,"A assistência à saúde é livre à iniciativa privada.
§ 1o As instituições privadas poderão participar de forma complementar do sistema 
único de saúde, segundo diretrizes deste, mediante contrato de di..."
Art. 200,Sobre o que dispõe o Art. 200 da CF/88?,"Ao sistema único de saúde compete, além de outras atribuições, nos termos 
da lei: (EC no 85/2015)
I – controlar e fiscalizar procedimentos, produtos e substâncias de interesse para 
a saúde e participar da produção de medicamentos, equipamentos, imunobiológicos, 
hemoderivados e outros insumos;
II – executar as ações de vigilância sanitária e epidemiológica, bem como as de 
saúde do trabalhador;
III – ordenar a formação de recursos humanos na área de saúde;
IV – participar da formulação da política e da execução das ações de saneamento 
básico;
V – incrementar, em sua área de atuação, o desenvolvimento científico e tecno -
lógico e a inovação;
VI – fiscalizar e inspecionar alimentos, compreendido o controle de seu teor nu-
tricional, bem como bebidas e águas para consumo humano;
VII – participar do controle e fiscalização da produção, transporte, guarda e uti-
lização de substâncias e produtos psicoativos, tóxicos e radioativos;
VIII – colaborar na proteção do meio ambiente, nele compreendido o do trabalho"
Art. 200,"Complete a ideia do Art. 200: Ao sistema único de saúde compete, além de outras ...","Ao sistema único de saúde compete, além de outras atribuições, nos termos 
da lei: (EC no 85/2015)
I – controlar e fiscalizar procedimentos, produtos e substâncias de interesse para 
a saúde e partici..."
Art. 200,Qual a importância estratégica do Art. 200 para a organização do Estado?,Este artigo detalha normas complexas de organização ou competência essenciais para o funcionamento institucional.
Art. 201,Sobre o que dispõe o Art. 201 da CF/88?,"A previdência social será organizada sob a forma de regime geral, de caráter 
contributivo e de filiação obrigatória, observados critérios que preservem o equilíbrio finan-
ceiro e atuarial, e atenderá, nos termos da lei, a: (EC no 20/98, EC no 41/2003 e EC no 47/2005)
I – cobertura dos eventos de doença, invalidez, morte e idade avançada;
II – proteção à maternidade, especialmente à gestante;
III – proteção ao trabalhador em situação de desemprego involuntário;
IV – salário-família e auxílio-reclusão para os dependentes dos segurados de 
baixa renda;
Constituição da República Federativa do Brasil
120

V – pensão por morte do segurado, homem ou mulher, ao cônjuge ou companheiro 
e dependentes, observado o disposto no § 2 o"
Art. 201,Complete a ideia do Art. 201: A previdência social será organizada sob a forma d...,"A previdência social será organizada sob a forma de regime geral, de caráter 
contributivo e de filiação obrigatória, observados critérios que preservem o equilíbrio finan-
ceiro e atuarial, e atender..."
Art. 201,Qual a importância estratégica do Art. 201 para a organização do Estado?,Este artigo detalha normas complexas de organização ou competência essenciais para o funcionamento institucional.
Art. 202,Sobre o que dispõe o Art. 202 da CF/88?,"O regime de previdência privada, de caráter complementar e organizado 
de forma autônoma em relação ao regime geral de previdência social, será facultativo, 
121Da Ordem Social

baseado na constituição de reservas que garantam o benefício contratado, e regulado 
por lei complementar"
Art. 202,"Complete a ideia do Art. 202: O regime de previdência privada, de caráter comple...","O regime de previdência privada, de caráter complementar e organizado 
de forma autônoma em relação ao regime geral de previdência social, será facultativo, 
121Da Ordem Social

baseado na constituiçã..."
Art. 202,Qual a importância estratégica do Art. 202 para a organização do Estado?,Este artigo detalha normas complexas de organização ou competência essenciais para o funcionamento institucional.
Art. 203,Sobre o que dispõe o Art. 203 da CF/88?,"A assistência social será prestada a quem dela necessitar, independentemente 
de contribuição à seguridade social, e tem por objetivos:
I – a proteção à família, à maternidade, à infância, à adolescência e à velhice;
II – o amparo às crianças e adolescentes carentes;
III – a promoção da integração ao mercado de trabalho;
IV – a habilitação e reabilitação das pessoas portadoras de deficiência e a promoção 
de sua integração à vida comunitária;
V – a garantia de um salário mínimo de benefício mensal à pessoa portadora de 
deficiência e ao idoso que comprovem não possuir meios de prover à própria manutenção 
ou de tê-la provida por sua família, conforme dispuser a lei"
Art. 203,Complete a ideia do Art. 203: A assistência social será prestada a quem dela nec...,"A assistência social será prestada a quem dela necessitar, independentemente 
de contribuição à seguridade social, e tem por objetivos:
I – a proteção à família, à maternidade, à infância, à adolescên..."
Art. 204,Sobre o que dispõe o Art. 204 da CF/88?,"As ações governamentais na área da assistência social serão realizadas com 
recursos do orçamento da seguridade social, previstos no art"
Art. 204,Complete a ideia do Art. 204: As ações governamentais na área da assistência soc...,"As ações governamentais na área da assistência social serão realizadas com 
recursos do orçamento da seguridade social, previstos no art. 195, além de outras fontes, 
e organizadas com base nas seguin..."
Art. 204,Qual a importância estratégica do Art. 204 para a organização do Estado?,Este artigo detalha normas complexas de organização ou competência essenciais para o funcionamento institucional.
Art. 205,Sobre o que dispõe o Art. 205 da CF/88?,"A educação, direito de todos e dever do Estado e da família, será promovida 
e incentivada com a colaboração da sociedade, visando ao pleno desenvolvimento da 
pessoa, seu preparo para o exercício da cidadania e sua qualificação para o trabalho"
Art. 205,"Complete a ideia do Art. 205: A educação, direito de todos e dever do Estado e d...","A educação, direito de todos e dever do Estado e da família, será promovida 
e incentivada com a colaboração da sociedade, visando ao pleno desenvolvimento da 
pessoa, seu preparo para o exercício da ..."
Art. 206,Sobre o que dispõe o Art. 206 da CF/88?,"O ensino será ministrado com base nos seguintes princípios: (EC no 19/98 
e EC n o 53/2006)
I – igualdade de condições para o acesso e permanência na escola;
II – liberdade de aprender, ensinar, pesquisar e divulgar o pensamento, a arte e 
o saber;
III – pluralismo de idéias e de concepções pedagógicas, e coexistência de institui-
ções públicas e privadas de ensino;
IV – gratuidade do ensino público em estabelecimentos oficiais;
V – valorização dos profissionais da educação escolar, garantidos, na forma da 
lei, planos de carreira, com ingresso exclusivamente por concurso público de provas e 
títulos, aos das redes públicas;
VI – gestão democrática do ensino público, na forma da lei;
VII – garantia de padrão de qualidade;
VIII – piso salarial profissional nacional para os profissionais da educação escolar 
pública, nos termos de lei federal"
Art. 206,Complete a ideia do Art. 206: O ensino será ministrado com base nos seguintes pr...,"O ensino será ministrado com base nos seguintes princípios: (EC no 19/98 
e EC n o 53/2006)
I – igualdade de condições para o acesso e permanência na escola;
II – liberdade de aprender, ensinar, pesqu..."
Art. 206,Qual a importância estratégica do Art. 206 para a organização do Estado?,Este artigo detalha normas complexas de organização ou competência essenciais para o funcionamento institucional.
Art. 207,Sobre o que dispõe o Art. 207 da CF/88?,"As universidades gozam de autonomia didático-científica, administrativa 
e de gestão financeira e patrimonial, e obedecerão ao princípio de indissociabilidade 
entre ensino, pesquisa e extensão"
Art. 207,Complete a ideia do Art. 207: As universidades gozam de autonomia didático-cient...,"As universidades gozam de autonomia didático-científica, administrativa 
e de gestão financeira e patrimonial, e obedecerão ao princípio de indissociabilidade 
entre ensino, pesquisa e extensão. (EC n..."
Art. 208,Sobre o que dispõe o Art. 208 da CF/88?,"O dever do Estado com a educação será efetivado mediante a garantia de: 
(EC n o 14/96, EC n o 53/2006 e EC n o 59/2009)
123Da Ordem Social

I – educação básica obrigatória e gratuita dos 4 (quatro) aos 17 (dezessete) anos 
de idade, assegurada inclusive sua oferta gratuita para todos os que a ela não tiveram 
acesso na idade própria;
II – progressiva universalização do ensino médio gratuito;
III – atendimento educacional especializado aos portadores de deficiência, prefe-
rencialmente na rede regular de ensino;
IV – educação infantil, em creche e pré-escola, às crianças até 5 (cinco) anos de 
idade;
V – acesso aos níveis mais elevados do ensino, da pesquisa e da criação artística, 
segundo a capacidade de cada um;
VI – oferta de ensino noturno regular, adequado às condições do educando;
VII – atendimento ao educando, em todas as estapas da educação básica, por 
meio de programas suplementares de material didático-escolar, transporte, alimentação 
e assistência à saúde"
Art. 208,Complete a ideia do Art. 208: O dever do Estado com a educação será efetivado me...,"O dever do Estado com a educação será efetivado mediante a garantia de: 
(EC n o 14/96, EC n o 53/2006 e EC n o 59/2009)
123Da Ordem Social

I – educação básica obrigatória e gratuita dos 4 (quatro) a..."
Art. 208,Qual a importância estratégica do Art. 208 para a organização do Estado?,Este artigo detalha normas complexas de organização ou competência essenciais para o funcionamento institucional.
Art. 209,Sobre o que dispõe o Art. 209 da CF/88?,"O ensino é livre à iniciativa privada, atendidas as seguintes condições:
I – cumprimento das normas gerais da educação nacional;
II – autorização e avaliação de qualidade pelo Poder Público"
Art. 209,"Complete a ideia do Art. 209: O ensino é livre à iniciativa privada, atendidas a...","O ensino é livre à iniciativa privada, atendidas as seguintes condições:
I – cumprimento das normas gerais da educação nacional;
II – autorização e avaliação de qualidade pelo Poder Público."
Art. 210,Sobre o que dispõe o Art. 210 da CF/88?,"Serão fixados conteúdos mínimos para o ensino fundamental, de maneira a 
assegurar formação básica comum e respeito aos valores culturais e artísticos, nacionais 
e regionais"
Art. 210,Complete a ideia do Art. 210: Serão fixados conteúdos mínimos para o ensino fund...,"Serão fixados conteúdos mínimos para o ensino fundamental, de maneira a 
assegurar formação básica comum e respeito aos valores culturais e artísticos, nacionais 
e regionais.
§ 1o O ensino religioso,..."
Art. 211,Sobre o que dispõe o Art. 211 da CF/88?,"A União, os Estados, o Distrito Federal e os Municípios organizarão em regi-
me de colaboração seus sistemas de ensino"
Art. 211,"Complete a ideia do Art. 211: A União, os Estados, o Distrito Federal e os Munic...","A União, os Estados, o Distrito Federal e os Municípios organizarão em regi-
me de colaboração seus sistemas de ensino. (EC no 14/96, EC n o 53/2006 e EC n o 59/2009)
§ 1o A União organizará o sistema..."
Art. 211,Qual a importância estratégica do Art. 211 para a organização do Estado?,Este artigo detalha normas complexas de organização ou competência essenciais para o funcionamento institucional.
Art. 212,Sobre o que dispõe o Art. 212 da CF/88?,"A União aplicará, anualmente, nunca menos de dezoito, e os Estados, o 
Distrito Federal e os Municípios vinte e cinco por cento, no mínimo, da receita resultante 
de impostos, compreendida a proveniente de transferências, na manutenção e desenvol-
vimento do ensino"
Art. 212,"Complete a ideia do Art. 212: A União aplicará, anualmente, nunca menos de dezoi...","A União aplicará, anualmente, nunca menos de dezoito, e os Estados, o 
Distrito Federal e os Municípios vinte e cinco por cento, no mínimo, da receita resultante 
de impostos, compreendida a provenien..."
Art. 212,Qual a importância estratégica do Art. 212 para a organização do Estado?,Este artigo detalha normas complexas de organização ou competência essenciais para o funcionamento institucional.
Art. 213,Sobre o que dispõe o Art. 213 da CF/88?,"Os recursos públicos serão destinados às escolas públicas, podendo ser 
dirigidos a escolas comunitárias, confessionais ou filantrópicas, definidas em lei, que: 
(EC no 85/2015)
I – comprovem finalidade não-lucrativa e apliquem seus excedentes financeiros 
em educação;
II – assegurem a destinação de seu patrimônio a outra escola comunitária, filantró-
pica ou confessional, ou ao Poder Público, no caso de encerramento de suas atividades"
Art. 213,Complete a ideia do Art. 213: Os recursos públicos serão destinados às escolas p...,"Os recursos públicos serão destinados às escolas públicas, podendo ser 
dirigidos a escolas comunitárias, confessionais ou filantrópicas, definidas em lei, que: 
(EC no 85/2015)
I – comprovem finalida..."
Art. 213,Qual a importância estratégica do Art. 213 para a organização do Estado?,Este artigo detalha normas complexas de organização ou competência essenciais para o funcionamento institucional.
Art. 214,Sobre o que dispõe o Art. 214 da CF/88?,"A lei estabelecerá o plano nacional de educação, de duração decenal, com o 
objetivo de articular o sistema nacional de educação em regime de colaboração e definir 
diretrizes, objetivos, metas e estratégias de implementação para assegurar a manutenção 
e desenvolvimento do ensino em seus diversos níveis, etapas e modalidades por meio de 
ações integradas dos poderes públicos das diferentes esferas federativas que conduzam 
a: (EC n o 59/2009)
I – erradicação do analfabetismo;
II – universalização do atendimento escolar;
III – melhoria da qualidade do ensino;
125Da Ordem Social

IV – formação para o trabalho;
V – promoção humanística, científica e tecnológica do País;
VI – estabelecimento de meta de aplicação de recursos públicos em educação 
como proporção do produto interno bruto"
Art. 214,"Complete a ideia do Art. 214: A lei estabelecerá o plano nacional de educação, d...","A lei estabelecerá o plano nacional de educação, de duração decenal, com o 
objetivo de articular o sistema nacional de educação em regime de colaboração e definir 
diretrizes, objetivos, metas e estr..."
Art. 215,Sobre o que dispõe o Art. 215 da CF/88?,"O Estado garantirá a todos o pleno exercício dos direitos culturais e acesso 
às fontes da cultura nacional, e apoiará e incentivará a valorização e a difusão das ma-
nifestações culturais"
Art. 215,Complete a ideia do Art. 215: O Estado garantirá a todos o pleno exercício dos d...,"O Estado garantirá a todos o pleno exercício dos direitos culturais e acesso 
às fontes da cultura nacional, e apoiará e incentivará a valorização e a difusão das ma-
nifestações culturais. (EC n o 48..."
Art. 216,Sobre o que dispõe o Art. 216 da CF/88?,-A
Art. 216,Complete a ideia do Art. 216: -A...,"-A.  O Sistema Nacional de Cultura, organizado em regime de colaboração, 
de forma descentralizada e participativa, institui um processo de gestão e promoção 
conjunta de políticas públicas de cultura..."
Art. 216,Qual a importância estratégica do Art. 216 para a organização do Estado?,Este artigo detalha normas complexas de organização ou competência essenciais para o funcionamento institucional.
Art. 217,Sobre o que dispõe o Art. 217 da CF/88?,"É dever do Estado fomentar práticas desportivas formais e não-formais, 
como direito de cada um, observados:
I – a autonomia das entidades desportivas dirigentes e associações, quanto a sua 
organização e funcionamento;
II – a destinação de recursos públicos para a promoção prioritária do desporto 
educacional e, em casos específicos, para a do desporto de alto rendimento;
III – o tratamento diferenciado para o desporto profissional e o não-profissional;
IV – a proteção e o incentivo às manifestações desportivas de criação nacional"
Art. 217,Complete a ideia do Art. 217: É dever do Estado fomentar práticas desportivas fo...,"É dever do Estado fomentar práticas desportivas formais e não-formais, 
como direito de cada um, observados:
I – a autonomia das entidades desportivas dirigentes e associações, quanto a sua 
organizaç..."
Art. 218,Sobre o que dispõe o Art. 218 da CF/88?,"O Estado promoverá e incentivará o desenvolvimento científico, a pesquisa, 
a capacitação científica e tecnológica e a inovação"
Art. 218,Complete a ideia do Art. 218: O Estado promoverá e incentivará o desenvolvimento...,"O Estado promoverá e incentivará o desenvolvimento científico, a pesquisa, 
a capacitação científica e tecnológica e a inovação. (EC no 85/2015)
§ 1o A pesquisa científica básica e tecnológica receber..."
Art. 218,Qual a importância estratégica do Art. 218 para a organização do Estado?,Este artigo detalha normas complexas de organização ou competência essenciais para o funcionamento institucional.
Art. 219,Sobre o que dispõe o Art. 219 da CF/88?,-B
Art. 219,Complete a ideia do Art. 219: -B...,"-B.  O Sistema Nacional de Ciência, Tecnologia e Inovação será organizado 
em regime de colaboração entre entes, tanto públicos quanto privados, com vistas a 
promover o desenvolvimento científico e t..."
Art. 220,Sobre o que dispõe o Art. 220 da CF/88?,"A manifestação do pensamento, a criação, a expressão e a informação, 
sob qualquer forma, processo ou veículo não sofrerão qualquer restrição, observado o 
disposto nesta Constituição"
Art. 220,"Complete a ideia do Art. 220: A manifestação do pensamento, a criação, a express...","A manifestação do pensamento, a criação, a expressão e a informação, 
sob qualquer forma, processo ou veículo não sofrerão qualquer restrição, observado o 
disposto nesta Constituição.
§ 1o Nenhuma le..."
Art. 220,Qual a importância estratégica do Art. 220 para a organização do Estado?,Este artigo detalha normas complexas de organização ou competência essenciais para o funcionamento institucional.
Art. 221,Sobre o que dispõe o Art. 221 da CF/88?,"A produção e a programação das emissoras de rádio e televisão atenderão 
aos seguintes princípios:
I – preferência a finalidades educativas, artísticas, culturais e informativas;
II – promoção da cultura nacional e regional e estímulo à produção independente 
que objetive sua divulgação;
III – regionalização da produção cultural, artística e jornalística, conforme per -
centuais estabelecidos em lei;
IV – respeito aos valores éticos e sociais da pessoa e da família"
Art. 221,Complete a ideia do Art. 221: A produção e a programação das emissoras de rádio ...,"A produção e a programação das emissoras de rádio e televisão atenderão 
aos seguintes princípios:
I – preferência a finalidades educativas, artísticas, culturais e informativas;
II – promoção da cult..."
Art. 222,Sobre o que dispõe o Art. 222 da CF/88?,"A propriedade de empresa jornalística e de radiodifusão sonora e de sons e 
imagens é privativa de brasileiros natos ou naturalizados há mais de dez anos, ou de pesso-
as jurídicas constituídas sob as leis brasileiras e que tenham sede no País"
Art. 222,Complete a ideia do Art. 222: A propriedade de empresa jornalística e de radiodi...,"A propriedade de empresa jornalística e de radiodifusão sonora e de sons e 
imagens é privativa de brasileiros natos ou naturalizados há mais de dez anos, ou de pesso-
as jurídicas constituídas sob as..."
Art. 222,Qual a importância estratégica do Art. 222 para a organização do Estado?,Este artigo detalha normas complexas de organização ou competência essenciais para o funcionamento institucional.
Art. 223,Sobre o que dispõe o Art. 223 da CF/88?,"Compete ao Poder Executivo outorgar e renovar concessão, permissão e 
autorização para o serviço de radiodifusão sonora e de sons e imagens, observado o 
princípio da complementaridade dos sistemas privado, público e estatal"
Art. 223,Complete a ideia do Art. 223: Compete ao Poder Executivo outorgar e renovar conc...,"Compete ao Poder Executivo outorgar e renovar concessão, permissão e 
autorização para o serviço de radiodifusão sonora e de sons e imagens, observado o 
princípio da complementaridade dos sistemas pr..."
Art. 224,Sobre o que dispõe o Art. 224 da CF/88?,"Para os efeitos do disposto neste capítulo, o Congresso Nacional instituirá, 
como órgão auxiliar, o Conselho de Comunicação Social, na forma da lei"
Art. 224,"Complete a ideia do Art. 224: Para os efeitos do disposto neste capítulo, o Cong...","Para os efeitos do disposto neste capítulo, o Congresso Nacional instituirá, 
como órgão auxiliar, o Conselho de Comunicação Social, na forma da lei.
Constituição da República Federativa do Brasil
130..."
Art. 225,Sobre o que dispõe o Art. 225 da CF/88?,"Todos têm direito ao meio ambiente ecologicamente equilibrado, bem de 
uso comum do povo e essencial à sadia qualidade de vida, impondo-se ao Poder Público 
e à coletividade o dever de defendê-lo e preservá-lo para as presentes e futuras gerações"
Art. 225,Complete a ideia do Art. 225: Todos têm direito ao meio ambiente ecologicamente ...,"Todos têm direito ao meio ambiente ecologicamente equilibrado, bem de 
uso comum do povo e essencial à sadia qualidade de vida, impondo-se ao Poder Público 
e à coletividade o dever de defendê-lo e pr..."
Art. 225,Qual a importância estratégica do Art. 225 para a organização do Estado?,Este artigo detalha normas complexas de organização ou competência essenciais para o funcionamento institucional.
Art. 226,Sobre o que dispõe o Art. 226 da CF/88?,"A família, base da sociedade, tem especial proteção do Estado"
Art. 226,"Complete a ideia do Art. 226: A família, base da sociedade, tem especial proteçã...","A família, base da sociedade, tem especial proteção do Estado. (EC no 66/2010)
§ 1o O casamento é civil e gratuita a celebração.
§ 2o O casamento religioso tem efeito civil, nos termos da lei.
131Da O..."
Art. 226,Qual a importância estratégica do Art. 226 para a organização do Estado?,Este artigo detalha normas complexas de organização ou competência essenciais para o funcionamento institucional.
Art. 227,Sobre o que dispõe o Art. 227 da CF/88?,"É dever da família, da sociedade e do Estado assegurar à criança, ao ado -
lescente e ao jovem, com absoluta prioridade, o direito à vida, à saúde, à alimentação, à 
educação, ao lazer, à profissionalização, à cultura, à dignidade, ao respeito, à liberdade 
e à convivência familiar e comunitária, além de colocá-los a salvo de toda forma de 
negligência, discriminação, exploração, violência, crueldade e opressão"
Art. 227,"Complete a ideia do Art. 227: É dever da família, da sociedade e do Estado asseg...","É dever da família, da sociedade e do Estado assegurar à criança, ao ado -
lescente e ao jovem, com absoluta prioridade, o direito à vida, à saúde, à alimentação, à 
educação, ao lazer, à profissional..."
Art. 227,Qual a importância estratégica do Art. 227 para a organização do Estado?,Este artigo detalha normas complexas de organização ou competência essenciais para o funcionamento institucional.
Art. 228,Sobre o que dispõe o Art. 228 da CF/88?,"São penalmente inimputáveis os menores de dezoito anos, sujeitos às normas 
da legislação especial"
Art. 228,Complete a ideia do Art. 228: São penalmente inimputáveis os menores de dezoito ...,"São penalmente inimputáveis os menores de dezoito anos, sujeitos às normas 
da legislação especial."
Art. 229,Sobre o que dispõe o Art. 229 da CF/88?,"Os pais têm o dever de assistir, criar e educar os filhos menores, e os filhos 
maiores têm o dever de ajudar e amparar os pais na velhice, carência ou enfermidade"
Art. 229,"Complete a ideia do Art. 229: Os pais têm o dever de assistir, criar e educar os...","Os pais têm o dever de assistir, criar e educar os filhos menores, e os filhos 
maiores têm o dever de ajudar e amparar os pais na velhice, carência ou enfermidade."
Art. 230,Sobre o que dispõe o Art. 230 da CF/88?,"A família, a sociedade e o Estado têm o dever de amparar as pessoas idosas, 
assegurando sua participação na comunidade, defendendo sua dignidade e bem-estar e 
garantindo-lhes o direito à vida"
Art. 230,"Complete a ideia do Art. 230: A família, a sociedade e o Estado têm o dever de a...","A família, a sociedade e o Estado têm o dever de amparar as pessoas idosas, 
assegurando sua participação na comunidade, defendendo sua dignidade e bem-estar e 
garantindo-lhes o direito à vida.
§ 1o ..."
Art. 231,Sobre o que dispõe o Art. 231 da CF/88?,"São reconhecidos aos índios sua organização social, costumes, línguas, 
crenças e tradições, e os direitos originários sobre as terras que tradicionalmente ocu -
pam, competindo à União demarcá-las, proteger e fazer respeitar todos os seus bens"
Art. 231,Complete a ideia do Art. 231: São reconhecidos aos índios sua organização social...,"São reconhecidos aos índios sua organização social, costumes, línguas, 
crenças e tradições, e os direitos originários sobre as terras que tradicionalmente ocu -
pam, competindo à União demarcá-las, p..."
Art. 231,Qual a importância estratégica do Art. 231 para a organização do Estado?,Este artigo detalha normas complexas de organização ou competência essenciais para o funcionamento institucional.
Art. 232,Sobre o que dispõe o Art. 232 da CF/88?,"Os índios, suas comunidades e organizações são partes legítimas para in -
gressar em juízo em defesa de seus direitos e interesses, intervindo o Ministério Público 
em todos os atos do processo"
Art. 232,"Complete a ideia do Art. 232: Os índios, suas comunidades e organizações são par...","Os índios, suas comunidades e organizações são partes legítimas para in -
gressar em juízo em defesa de seus direitos e interesses, intervindo o Ministério Público 
em todos os atos do processo.
Const..."
Art. 233,Sobre o que dispõe o Art. 233 da CF/88?,(Revogado) (EC n o 28/2000)
Art. 233,Complete a ideia do Art. 233: (Revogado) (EC n o 28/2000)...,(Revogado) (EC n o 28/2000)
Art. 234,Sobre o que dispõe o Art. 234 da CF/88?,"É vedado à União, direta ou indiretamente, assumir, em decorrência da 
criação de Estado, encargos referentes a despesas com pessoal inativo e com encargos e 
amortizações da dívida interna ou externa da administração pública, inclusive da indireta"
Art. 234,"Complete a ideia do Art. 234: É vedado à União, direta ou indiretamente, assumir...","É vedado à União, direta ou indiretamente, assumir, em decorrência da 
criação de Estado, encargos referentes a despesas com pessoal inativo e com encargos e 
amortizações da dívida interna ou externa..."
Art. 235,Sobre o que dispõe o Art. 235 da CF/88?,"Nos dez primeiros anos da criação de Estado, serão observadas as seguintes 
normas básicas:
I – a Assembléia Legislativa será composta de dezessete Deputados se a população 
do Estado for inferior a seiscentos mil habitantes, e de vinte e quatro, se igual ou superior 
a esse número, até um milhão e quinhentos mil;
II – o Governo terá no máximo dez Secretarias;
III – o Tribunal de Contas terá três membros, nomeados, pelo Governador eleito, 
dentre brasileiros de comprovada idoneidade e notório saber;
IV – o Tribunal de Justiça terá sete Desembargadores;
V – os primeiros Desembargadores serão nomeados pelo Governador eleito, 
escolhidos da seguinte forma:
a) cinco dentre os magistrados com mais de trinta e cinco anos de idade, em 
exercício na área do novo Estado ou do Estado originário;
b) dois dentre promotores, nas mesmas condições, e advogados de comprovada 
idoneidade e saber jurídico, com dez anos, no mínimo, de exercício profissional, 
obedecido o procedimento fixado na Constituição;
VI – no caso de Estado proveniente de Território Federal, os cinco primeiros De-
sembargadores poderão ser escolhidos dentre juízes de direito de qualquer parte do País;
VII – em cada Comarca, o primeiro Juiz de Direito, o primeiro Promotor de Justiça 
e o primeiro Defensor Público serão nomeados pelo Governador eleito após concurso 
público de provas e títulos;
VIII – até a promulgação da Constituição Estadual, responderão pela Procurado-
ria-Geral, pela Advocacia-Geral e pela Defensoria-Geral do Estado advogados de notório 
saber, com trinta e cinco anos de idade, no mínimo, nomeados pelo Governador eleito 
e demissíveis ad nutum;
IX – se o novo Estado for resultado de transformação de Território Federal, a 
transferência de encargos financeiros da União para pagamento dos servidores optantes 
que pertenciam à Administração Federal ocorrerá da seguinte forma:
a) no sexto ano de instalação, o Estado assumirá vinte por cento dos encargos 
financeiros para fazer face ao pagamento dos servidores públicos, ficando ainda 
o restante sob a responsabilidade da União;
b) no sétimo ano, os encargos do Estado serão acrescidos de trinta por cento e, 
no oitavo, dos restantes cinqüenta por cento;
X – as nomeações que se seguirem às primeiras, para os cargos mencionados neste 
artigo, serão disciplinadas na Constituição Estadual;
XI – as despesas orçamentárias com pessoal não poderão ultrapassar cinqüenta 
por cento da receita do Estado"
Art. 235,"Complete a ideia do Art. 235: Nos dez primeiros anos da criação de Estado, serão...","Nos dez primeiros anos da criação de Estado, serão observadas as seguintes 
normas básicas:
I – a Assembléia Legislativa será composta de dezessete Deputados se a população 
do Estado for inferior a s..."
Art. 235,Qual a importância estratégica do Art. 235 para a organização do Estado?,Este artigo detalha normas complexas de organização ou competência essenciais para o funcionamento institucional.
Art. 236,Sobre o que dispõe o Art. 236 da CF/88?,"Os serviços notariais e de registro são exercidos em caráter privado, por 
delegação do Poder Público"
Art. 236,Complete a ideia do Art. 236: Os serviços notariais e de registro são exercidos ...,"Os serviços notariais e de registro são exercidos em caráter privado, por 
delegação do Poder Público.
§ 1o Lei regulará as atividades, disciplinará a responsabilidade civil e criminal dos 
notários, ..."
Art. 237,Sobre o que dispõe o Art. 237 da CF/88?,"A fiscalização e o controle sobre o comércio exterior, essenciais à defesa dos 
interesses fazendários nacionais, serão exercidos pelo Ministério da Fazenda"
Art. 237,Complete a ideia do Art. 237: A fiscalização e o controle sobre o comércio exter...,"A fiscalização e o controle sobre o comércio exterior, essenciais à defesa dos 
interesses fazendários nacionais, serão exercidos pelo Ministério da Fazenda."
Art. 238,Sobre o que dispõe o Art. 238 da CF/88?,"A lei ordenará a venda e revenda de combustíveis de petróleo, álcool car -
burante e outros combustíveis derivados de matérias-primas renováveis, respeitados os 
princípios desta Constituição"
Art. 238,Complete a ideia do Art. 238: A lei ordenará a venda e revenda de combustíveis d...,"A lei ordenará a venda e revenda de combustíveis de petróleo, álcool car -
burante e outros combustíveis derivados de matérias-primas renováveis, respeitados os 
princípios desta Constituição."
Art. 239,Sobre o que dispõe o Art. 239 da CF/88?,"A arrecadação decorrente das contribuições para o Programa de Integração 
Social, criado pela Lei Complementar no 7, de 7 de setembro de 1970, e para o Progra -
ma de Formação do Patrimônio do Servidor Público, criado pela Lei Complementar 
no 8, de 3 de dezembro de 1970, passa, a partir da promulgação desta Constituição, a 
financiar, nos termos que a lei dispuser, o programa do seguro-desemprego e o abono 
de que trata o § 3 o deste artigo"
Art. 239,Complete a ideia do Art. 239: A arrecadação decorrente das contribuições para o ...,"A arrecadação decorrente das contribuições para o Programa de Integração 
Social, criado pela Lei Complementar no 7, de 7 de setembro de 1970, e para o Progra -
ma de Formação do Patrimônio do Servido..."
Art. 239,Qual a importância estratégica do Art. 239 para a organização do Estado?,Este artigo detalha normas complexas de organização ou competência essenciais para o funcionamento institucional.
Art. 240,Sobre o que dispõe o Art. 240 da CF/88?,Ficam ressalvadas do disposto no art
Art. 240,Complete a ideia do Art. 240: Ficam ressalvadas do disposto no art...,"Ficam ressalvadas do disposto no art. 195 as atuais contribuições compul-
sórias dos empregadores sobre a folha de salários, destinadas às entidades privadas de 
serviço social e de formação profissio..."
Art. 241,Sobre o que dispõe o Art. 241 da CF/88?,"A União, os Estados, o Distrito Federal e os Municípios disciplinarão por 
meio de lei os consórcios públicos e os convênios de cooperação entre os entes federados, 
autorizando a gestão associada de serviços públicos, bem como a transferência total 
ou parcial de encargos, serviços, pessoal e bens essenciais à continuidade dos serviços 
transferidos"
Art. 241,"Complete a ideia do Art. 241: A União, os Estados, o Distrito Federal e os Munic...","A União, os Estados, o Distrito Federal e os Municípios disciplinarão por 
meio de lei os consórcios públicos e os convênios de cooperação entre os entes federados, 
autorizando a gestão associada de ..."
Art. 242,Sobre o que dispõe o Art. 242 da CF/88?,O princípio do art
Art. 242,Complete a ideia do Art. 242: O princípio do art...,"O princípio do art. 206, IV , não se aplica às instituições educacionais oficiais 
criadas por lei estadual ou municipal e existentes na data da promulgação desta Cons-
tituição, que não sejam total o..."
Art. 243,Sobre o que dispõe o Art. 243 da CF/88?,"As propriedades rurais e urbanas de qualquer região do País onde forem 
localizadas culturas ilegais de plantas psicotrópicas ou a exploração de trabalho escra-
vo na forma da lei serão expropriadas e destinadas à reforma agrária e a programas de 
habitação popular, sem qualquer indenização ao proprietário e sem prejuízo de outras 
sanções previstas em lei, observado, no que couber, o disposto no art"
Art. 243,Complete a ideia do Art. 243: As propriedades rurais e urbanas de qualquer regiã...,"As propriedades rurais e urbanas de qualquer região do País onde forem 
localizadas culturas ilegais de plantas psicotrópicas ou a exploração de trabalho escra-
vo na forma da lei serão expropriadas e..."
Art. 244,Sobre o que dispõe o Art. 244 da CF/88?,"A lei disporá sobre a adaptação dos logradouros, dos edifícios de uso públi-
co e dos veículos de transporte coletivo atualmente existentes a fim de garantir acesso 
adequado às pessoas portadoras de deficiência, conforme o disposto no art"
Art. 244,"Complete a ideia do Art. 244: A lei disporá sobre a adaptação dos logradouros, d...","A lei disporá sobre a adaptação dos logradouros, dos edifícios de uso públi-
co e dos veículos de transporte coletivo atualmente existentes a fim de garantir acesso 
adequado às pessoas portadoras de ..."
Art. 245,Sobre o que dispõe o Art. 245 da CF/88?,"A lei disporá sobre as hipóteses e condições em que o Poder Público dará 
assistência aos herdeiros e dependentes carentes de pessoas vitimadas por crime doloso, 
sem prejuízo da responsabilidade civil do autor do ilícito"
Art. 245,Complete a ideia do Art. 245: A lei disporá sobre as hipóteses e condições em qu...,"A lei disporá sobre as hipóteses e condições em que o Poder Público dará 
assistência aos herdeiros e dependentes carentes de pessoas vitimadas por crime doloso, 
sem prejuízo da responsabilidade civi..."
Art. 246,Sobre o que dispõe o Art. 246 da CF/88?,"É vedada a adoção de medida provisória na regulamentação de artigo da 
Constituição cuja redação tenha sido alterada por meio de emenda promulgada entre 1o 
de janeiro de 1995 até a promulgação desta emenda
6
, inclusive"
Art. 246,Complete a ideia do Art. 246: É vedada a adoção de medida provisória na regulame...,"É vedada a adoção de medida provisória na regulamentação de artigo da 
Constituição cuja redação tenha sido alterada por meio de emenda promulgada entre 1o 
de janeiro de 1995 até a promulgação desta ..."
Art. 247,Sobre o que dispõe o Art. 247 da CF/88?,As leis previstas no inciso III do § 1 o do art
Art. 247,Complete a ideia do Art. 247: As leis previstas no inciso III do § 1 o do art...,"As leis previstas no inciso III do § 1 o do art. 41 e no § 7 o do art. 169 esta -
belecerão critérios e garantias especiais para a perda do cargo pelo servidor público 
estável que, em decorrência das..."
Art. 248,Sobre o que dispõe o Art. 248 da CF/88?,"Os benefícios pagos, a qualquer título, pelo órgão responsável pelo regime 
geral de previdência social, ainda que à conta do Tesouro Nacional, e os não sujeitos ao 
limite máximo de valor fixado para os benefícios concedidos por esse regime observarão 
os limites fixados no art"
Art. 248,"Complete a ideia do Art. 248: Os benefícios pagos, a qualquer título, pelo órgão...","Os benefícios pagos, a qualquer título, pelo órgão responsável pelo regime 
geral de previdência social, ainda que à conta do Tesouro Nacional, e os não sujeitos ao 
limite máximo de valor fixado para..."
Art. 249,Sobre o que dispõe o Art. 249 da CF/88?,"Com o objetivo de assegurar recursos para o pagamento de proventos de 
aposentadoria e pensões concedidas aos respectivos servidores e seus dependentes, em 
adição aos recursos dos respectivos tesouros, a União, os Estados, o Distrito Federal 
e os Municípios poderão constituir fundos integrados pelos recursos provenientes de 
contribuições e por bens, direitos e ativos de qualquer natureza, mediante lei que disporá 
sobre a natureza e a administração desses fundos"
Art. 249,Complete a ideia do Art. 249: Com o objetivo de assegurar recursos para o pagame...,"Com o objetivo de assegurar recursos para o pagamento de proventos de 
aposentadoria e pensões concedidas aos respectivos servidores e seus dependentes, em 
adição aos recursos dos respectivos tesouro..."
Art. 250,Sobre o que dispõe o Art. 250 da CF/88?,"Com o objetivo de assegurar recursos para o pagamento dos benefícios 
concedidos pelo regime geral de previdência social, em adição aos recursos de sua 
6
 NE: leia-se “da Emenda Constitucional no 32, de 2001”"
Art. 250,Complete a ideia do Art. 250: Com o objetivo de assegurar recursos para o pagame...,"Com o objetivo de assegurar recursos para o pagamento dos benefícios 
concedidos pelo regime geral de previdência social, em adição aos recursos de sua 
6
 NE: leia-se “da Emenda Constitucional no 32,..."
Art. 250,Qual a importância estratégica do Art. 250 para a organização do Estado?,Este artigo detalha normas complexas de organização ou competência essenciais para o funcionamento institucional.
